"variable","titre","Formulaire
(par défaut BM)","page","type","Représentation 
(par défaut INPUT TEXT)","Taille de champs de saisie (par défaut identique à Représentation)","valeurs autorisées / modalités","Obligatoire (par défaut OUI) ","Non Modifiable
(par défaut NON)","SOMME","DEPENDANCES","Abrégé (A) / Complet (C) / Les deux (AC) (AC par défaut)","initialisation 
(par défaut aucune)","Nom variable n-1 dans ADRESSE08"
"A100","Code","BM","A","Int",10,,,,"Oui",,,"AC","N-1","code_ua"
"A101","Nom de l'établissement","BM","A","Str",60,,,,,,,"AC","N-1","libelle1"
"A102","Libellé 1","BM","A","Str",60,,,"N",,,,"AC","N-1","libelle2"
"A103","Complément d'adresse","BM","A","Str",60,,,"N",,,,"AC","N-1","local "
"A104","N°","BM","A","Str",10,,,"N",,,,"AC","N-1","voie_num"
"A105","Type voie","BM","A","Str",20,34,,"N",,,,"AC","N-1","voie_type"
"A106","Nom voie","BM","A","Str",60,,,"N",,,,"AC","N-1","voie_nom"
"A107","Code postal","BM","A","digit",5,10,," ",,,,"AC","N-1","cpbiblio"
"A108","Ville","BM","A","Str",60,40,," ",,,,"AC","N-1","ville"
"A109","Cedex","BM","A","Str",10,,,"N",,,,"AC","N-1","cedexb"
"A110","Responsable de l'établissement","BM","A","Str",60,,,,,,,"AC","N-1","directeu"
"A111","Statut et/ou grade du responsable","BM","A","Str",60,,,,,,,"AC","N-1","st_dir"
"A112","Téléphone","BM","A","digit",10,,"0xxxxxxxxx",,,,,"AC","N-1","tele"
"A113","Fax","BM","A","digit",10,,"0xxxxxxxxx","N",,,,"AC","N-1","fax"
"A114","Courrier électronique ","BM","A","Str",60,,,"N",,,,"AC","N-1","mel"
"A115","Site internet","BM","A","Str",60,,,"N",,,,"AC","N-1","www"
"A116","Statut site","BM","A","Enum","Radio",,"Site internet propre / Page dédiée au sein du site de la collectivité","N",,,,"AC",,
"A117","Mode de gestion de l'établissement","BM","A","Enum","Radio",,"Régie directe / Association / Association avec convention",,,,,"AC","N-1","gestion"
"A200","Population concernée","BM","A","Int",10,,,,"Oui",,,"AC","N-1","popula dans table UA09"
"B101","Nom de l'établissement",,"B","Str",60,,," ",,,,"AC","N-1",
"B102","Libellé 1",,"B","Str",60,," ","N",,,,"AC","N-1",
"B103","Complément d'adresse",,"B","Str",60,,,"N",,,,"AC","N-1",
"B104","N°",,"B","Str",10,,,"N",,,,"AC","N-1",
"B105","Type voie",,"B","Str",20,,,"N",,,,"AC","N-1",
"B106","Nom voie",,"B","Str",60,,,"N",,,,"AC","N-1",
"B107","Code postal",,"B","digit",5,10,," ",,,,"AC","N-1",
"B108","Ville",,"B","Str",60,,," ",,,,"AC","N-1",
"B109","Cedex",,"B","Str",10,,,"N",,,,"AC","N-1",
"B110","Fonds en unités matérielles",,"B","Int",10,,,"N",,,,"AC",,
"B111","Surface utile nette totale en m²",,"B","Int",10,,,"N",,,,"AC",,
"B112","Personnel en ETPT",,"B","Dec","5,2",10,,"N",,,,"AC",,
"B113","Nombre de places assises",,"B","Int",10,,,"N",,,,"AC",,
"B114","Nombre d'heures d'ouverture hebdomadaires",,"B","Dec","4,1",10,,"N",,,,"AC",,
"B115","Nombre de jours d'ouverture annuels",,"B","dec","4,1",,,"N",,,,"AC",,
"B116","Nombre d'heures d'ouverture annuelles",,"B","dec","4,1",,,"N",,,,"AC",,
"C101","Nombre d'heures d'ouverture hebdomadaires",,"C","dec","4,1",10,,,,,,"AC",,
"C102","Nombre de jours d'ouverture annuels",,"C","Int",10,,,,,,,"AC",,
"C103","Nombre de places assises disponibles",,"C","Int",10,,,,,,,"C",,
"C104","avec possibilité de connecter un ordinateur",,"C","Int",10,,,,,,,"C",,
"C105","Nombre de postes informatiques publics",,"C","Int",10,,,,,,,"AC",,
"C106","avec accès internet",,"C","Int",10,,,,,,,"AC",,
"C107","Nombre de postes informatiques professionnels",,"C","Int",10,,,,,,,"AC",,
"C108","avec accès internet",,"C","Int",10,,,,,,,"AC",,
"C109","Nombre de photocopieurs en accès public",,"C","Int",10,,,,,,,"C",,
"C110","Nombre d'imprimantes en accès public",,"C","Int",10,,,,,,,"C",,
"C111","Appareils dédiés à la lecture de livres électroniques",,"C","Int",10,,,,,,,"C",,
"C112","Nombre de bibliobus",,"C","Int",10,,,,,,,"C",,
"C201","Le catalogue de la bibliothèque est-il informatisé ?",,"C","Boolean","Radio",,"Oui / Non",,,,,"AC",,
"C202","Nombre total de notices au catalogue ",,"C","Int",10,,,,,,,"C",,
"C203","Dont nombre de notices informatiques",,"C","Int",10,,,"N",,,"C201","C",,
"C204","Dont nombre de notices entrées dans l'année",,"C","Int",10,,,,,,,"C",,
"C205","Dont nombre de notices entrées par importation dans l'année",,"C","Int",10,,,"N",,,"C201","C",,
"C206","Nom et version du logiciel de gestion ",,"C","Str",60,,,"N",,,"C201","AC",,
"C301","Surface utile nette totale",,"C","Int",10,,,,,,,"AC",,
"C302","Espaces de services internes",,"C","Int",10,,,,,,,"C",,
"C303","Espaces de service public ",,"C","Int",10,,,,,,,"C",,
"C304","Espaces manifestations et animations",,"C","Int",10,,,,,,,"C",,
"C305","Espaces de magasins",,"C","Int",10,,,,,,,"C",,
"C306","Cafétérias et surfaces de détente",,"C","Int",10,,,,,,,"C",,
"C307","Totalité des fonds",,"C","Int",10,,,,,,,"C",,
"C308","dont fonds en libre accès",,"C","Int",10,,,,,,,"C",,
,,,,,,,,,,,,,,
,,,,,,,,,,,,,,
,,,,,,,,,,,,,,
"D101","Imprimés – Adultes – Livres imprimés – UM – Fonds",,"D","Int",10,,,,,,,"AC",,
"D102","Imprimés – Adultes – Livres imprimés – UM – Acquisitions",,"D","Int",10,,,,,,,"AC",,
"D103","Imprimés – Adultes – Livres imprimés – UM – Eliminations",,"D","Int",10,,,,,,,"AC",,
"D104","Imprimés – Adultes – Livres imprimés – dont libre accès – UM – Fonds ",,"D","Int",10,,,,,,,"C",,
"D105","Imprimés – Adultes – Livres imprimés – dont libre accès – TIT – Fonds",,"D","Int",10,,,,,,,"C",,
"D106","Imprimés – Adultes – Livres imprimés – dont libre accès – TIT – Acquisition",,"D","Int",10,,,,,,,"C",,
"D107","Imprimés – Adultes – Livres imprimés – dont publiés avant 1811– UM – Fonds",,"D","Int",10,,,,,,,"C",,
"D108","Imprimés – Adultes – Livres imprimés – dont publiés avant 1811 – UM – Acquisitions",,"D","Int",10,,,,,,,"C",,
"D109","Imprimés – Adultes – Livres imprimés – dont publiés entre 1811 et 1914 – UM – Fonds",,"D","Int",10,,,,,,,"C",,
"D110","Imprimés – Adultes – Livres imprimés – dont publiés entre 1811 et 1914 – UM – Acquisitions",,"D","Int",10,,,,,,,"C",,
"D111","Imprimés – Adultes – Publications en série imprimées – UM – Fonds",,"D","Int",10,,,,,,,"C",,
"D112","Imprimés – Adultes – Publications en série imprimées – UM – Acquisitions",,"D","Int",10,,,,,,,"C",,
"D113","Imprimés – Adultes – Publications en série imprimées – UM – Eliminations",,"D","Int",10,,,,,,,"C",,
"D114","Imprimés – Adultes – Publications en série imprimées – dont libre accès – UM – Fonds",,"D","Int",10,,,,,,,"C",,
"D115","Imprimés – Adultes – Publications en série imprimées – dont libre accès – TIT – Fonds",,"D","Int",10,,,,,,,"C",,
"D116","Imprimés – Enfants – Livres imprimés – UM – Fonds",,"D","Int",10,,,,,,,"AC",,
"D117","Imprimés – Enfants – Livres imprimés – UM – Acquisitions",,"D","Int",10,,,,,,,"AC",,
"D118","Imprimés – Enfants – Livres imprimés – UM – Eliminations",,"D","Int",10,,,,,,,"AC",,
"D119","Imprimés – Enfants - Livres imprimés – dont libre accès – UM – Fonds",,"D","Int",10,,,,,,,"C",,
"D120","Imprimés – Enfants – Livres imprimés – dont libre accès – TIT – Fonds",,"D","Int",10,,,,,,,"C",,
"D121","Imprimés – Enfants - Livres imprimés – dont libre accès – TIT – Acquisitions",,"D","Int",10,,,,,,,"C",,
"D122","Imprimés – Enfants – Publications en série imprimées – UM – Fonds",,"D","Int",10,,,,,,,"C",,
"D123","Imprimés – Enfants – Publications en série imprimées – UM – Acquisitions",,"D","Int",10,,,,,,,"C",,
"D124","Imprimés – Enfants – Publications en série imprimées – UM – Eliminations",,"D","Int",10,,,,,,,"C",,
"D125","Imprimés – Enfants – Publications en série imprimées – dont libre accès - UM – Fonds",,"D","Int",10,,,,,,,"C",,
"D126","Imprimés – Enfants – Publications en série imprimées – dont libre accès – TIT – Fonds",,"D","Int",10,,,,,,,"C",,
"D127","Imprimés – Enfants – Publications en série imprimées – dont libre accès – TIT – Acquisitions",,"D","Int",10,,,,,,,"C",,
"D128","Imprimés – Total – Livres imprimés – UM – Fonds",,"D","Int",10,,,,,,,"AC",,
"D129","Imprimés – Total – Livres imprimés – UM – Acquisitions",,"D","Int",10,,,,,,,"AC",,
"D130","Imprimés – Total – Livres imprimés – UM – Eliminations",,"D","Int",10,,,,,,,"AC",,
"D131","Imprimés – Total – Livres imprimés – dont nombre d'acquisitions à titre gracieux – UM – Acquisitions",,"D","Int",10,,,,,,,"AC",,
"D132","Imprimés – Total – Livres imprimés – dont libre accès – UM – Fonds",,"D","Int",10,,,,,,,"C",,
"D133","Imprimés – Total – Livres imprimés – dont libre accès – TIT – Fonds",,"D","Int",10,,,,,,,"C",,
"D134","Imprimés – Total – Livres imprimés – dont libre accès – TIT – Acquisitions",,"D","Int",10,,,,,,,"C",,
"D135","Imprimés – Total – Publications en série imprimées – UM – Fonds",,"D","Int",10,,,,,,,"AC",,
"D136","Imprimés – Total – Publications en série imprimées – UM – Acquisitions",,"D","Int",10,,,,,,,"AC",,
"D137","Imprimés – Total – Publications en série imprimées – UM – Eliminations",,"D","Int",10,,,,,,,"AC",,
"D138","Imprimés – Total – Publications en série imprimées – dont libre accès – UM Fonds",,"D","Int",10,,,,,,,"C",,
"D139","Imprimés – Total – Publications en série imprimées – dont libre accès – TIT - Fonds ",,"D","Int",10,,,,,,,"C",,
"D140","Imprimés – Total – Publications en série imprimées – dont libre accès – TIT – Acquisitions",,"D","Int",10,,,,,,,"C",,
"D201","Publications en série en cours – Imprimées- Adultes – Abonnements",,"D","Int",10,,,,,,,"AC",,
"D202","Publications en série en cours – Imprimées – Adultes – Titres",,"D","Int",10,,,,,,,"C",,
"D203","Publications en série en cours – Imprimées – Enfants – Abonnements",,"D","Int",10,,,,,,,"AC",,
"D204","Publications en série en cours – Imprimées – Enfants – Titres",,"D","Int",10,,,,,,,"C",,
"D205","Publications en série en cours – Electroniques – Adultes – Titres",,"D","Int",10,,,,,,,"C",,
"D206","Publications en série en cours – Electroniques – Enfants – Titres",,"D","Int",10,,,,,,,"C",,
"D207","Publications en série en cours – Total – Adultes – Abonnements",,"D","Int",10,,,,,,,"C",,
"D208","Publications en série en cours – Total – Adultes – Titres",,"D","Int",10,,,,,,,"C",,
"D209","Publications en série en cours – Total – Enfants – Abonnements",,"D","Int",10,,,,,,,"C",,
"D210","Publications en série en cours – Total – Enfants – Titres",,"D","Int",10,,,,,,,"C",,
"D211","Publications en série en cours  – Total – Titres",,"D","Int",10,,,,,,,"A",,
"D301","Autres documents – Manuscrits – ML – Fonds",,"D","Int",10,,,,,,,"C",,
"D302","Autres documents – Manuscrits – ML – Acquisitions",,"D","Int",10,,,,,,,"C",,
"D303","Autres documents – Manuscrits – UM – Fonds",,"D","Int",10,,,,,,,"C",,
"D304","Autres documents – Manuscrits – UM – Acquisitions",,"D","Int",10,,,,,,,"C",,
"D305","Autres documents – Microformes – UM – Fonds",,"D","Int",10,,,,,,,"C",,
"D306","Autres documents – Microformes – UM – Acquisitions",,"D","Int",10,,,,,,,"C",,
"D307","Autres documents – Documents cartographiques – UM – Fonds",,"D","Int",10,,,,,,,"C",,
"D308","Autres documents – Documents cartographiques – UM – Acquisitions",,"D","Int",10,,,,,,,"C",,
"D309","Autres documents – Musique imprimée – UM – Fonds",,"D","Int",10,,,,,,,"C",,
"D310","Autres documents – Musique imprimée – UM – Acquisitions",,"D","Int",10,,,,,,,"C",,
"D311","Autres documents – Musique imprimée – dont libre accès – UM – Fonds",,"D","Int",10,,,,,,,"C",,
"D312","Autres documents – Musique imprimée – dont libre accès – TIT – Fonds",,"D","Int",10,,,,,,,"C",,
"D313","Autres documents – Musique imprimée – dont libre accès – TIT – Acquisitions",,"D","Int",10,,,,,,,"C",,
"D314","Autres documents – Documents graphiques – UM – Fonds",,"D","Int",10,,,,,,,"C",,
"D315","Autres documents – Documents graphiques – UM – Acquisitions",,"D","Int",10,,,,,,,"C",,
"D316","Autres documents – Documents graphiques – ML – Fonds",,"D","Int",10,,,,,,,"C",,
"D317","Autres documents – Documents graphiques – ML – Acquisitions",,"D","Int",10,,,,,,,"C",,
"D318","Autres documents – Autres documents – UM – Fonds",,"D","Int",10,,,,,,,"C",,
"D319","Autres documents – Autres documents – UM – Acquisitions",,"D","Int",10,,,,,,,"C",,
"D320","Autres documents – UM – Eliminations  ",,"D","Int",10,,,,,,,"AC",,
"D321","Autres documents – Totalisation Abrégé -Fonds",,"D","Int",10,,,,,,,"A",,
"D322","Autres documents – Totalisation Abrégé -Acquisitions",,"D","Int",10,,,,,,,"A",,
"D401","Documents audiovisuels – Documents sonores : musique – Sur support (UM) – Fonds",,"D","Int",10,,,,,,,"C",,
"D402","Documents audiovisuels – Documents sonores : musique – Sur support (UM) – Acquisitions",,"D","Int",10,,,,,,,"C",,
"D403","Documents audiovisuels – Documents sonores : musique – En réseau (TIT) – Fonds",,"D","Int",10,,,,,,,"C",,
"D404","Documents audiovisuels – Documents sonores : musique – En réseau (TIT) – Acquisitions",,"D","Int",10,,,,,,,"C",,
"D405","Documents audiovisuels – Documents sonores : livres enregistrés – Sur support (UM) – Fonds",,"D","Int",10,,,,,,,"C",,
"D406","Documents audiovisuels – Documents sonores : livres enregistrés – Sur support (UM) – Acquisitions",,"D","Int",10,,,,,,,"C",,
"D407","Documents audiovisuels – Documents sonores : livres enregistrés – En réseau (TIT) – Fonds",,"D","Int",10,,,,,,,"C",,
"D408","Documents audiovisuels – Documents sonores : livres enregistrés – En réseau (TIT) – Acquisitions",,"D","Int",10,,,,,,,"C",,
"D409","Documents audiovisuels – Total documents sonores – Sur support (UM) - Fonds ",,"D","Int",10,,,,,,,"AC",,
"D410","Documents audiovisuels – Total documents sonores – Sur support (UM) - Acquisitions ",,"D","Int",10,,,,,,,"AC",,
"D411","Documents audiovisuels – Documents vidéo – Sur support (UM) – Fonds",,"D","Int",10,,,,,,,"AC",,
"D412","Documents audiovisuels – Documents vidéo – Sur support (UM) – Acquisitions",,"D","Int",10,,,,,,,"AC",,
"D413","Documents audiovisuels – Documents vidéo – En réseau (TIT) - Fonds",,"D","Int",10,,,,,,,"C",,
"D414","Documents audiovisuels – Documents vidéo – En réseau (TIT) – Acquisitions",,"D","Int",10,,,,,,,"C",,
"D415","Documents audiovisuels – Eliminations – Sur support (UM) – Fonds",,"D","Int",10,,,,,,,"AC",,
"D501","Documents numériques – Livres électroniques – TIT – Fonds",,"D","Int",10,,,,,,,"C",,
"D502","Documents numériques – Livres électroniques – TIT – acquis à titre onéreux, par don ou dépôt légal (titres) – Acquisitions",,"D","Int",10,,,,,,,"C",,
"D503","Documents numériques – Livres électroniques – TIT – numérisés par la bibliothèque – Acquisitions",,"D","Int",10,,,,,,,"C",,
"D504","Documents numériques – Fichiers ou programmes informatiques – UM – Fonds",,"D","Int",10,,,,,,,"C",,
"D505","Documents numériques – Fichiers ou programmes informatiques – UM – Acquisitions",,"D","Int",10,,,,,,,"C",,
"D506","Documents numériques – Autres documents numériques – UM – Fonds",,"D","Int",10,,,,,,,"C",,
"D507","Documents numériques – Autres documents numériques – UM – Acquisitions",,"D","Int",10,,,,,,,"C",,
"D508","Documents numériques – Autres documents numériques – TIT– Fonds",,"D","Int",10,,,,,,,"C",,
"D509","Documents numériques – Autres documents numériques – TIT– Acquisitions",,"D","Int",10,,,,,,,"C",,
"D510","Documents numériques – Bases de données – UM – Fonds",,"D","Int",10,,,,,,,"C",,
"D511","Documents numériques – Bases de données – UM – Acquisitions",,"D","Int",10,,,,,,,"C",,
"D512","Documents numériques – Bases de données –TIT – Fonds",,"D","Int",10,,,,,,,"C",,
"D513","Documents numériques – Bases de données – TIT– Acquisitions",,"D","Int",10,,,,,,,"C",,
"D514","Documents numériques – Bases de données – LIC– Fonds",,"D","Int",10,,,,,,,"C",,
"D515","Documents numériques – Bases de données – LIC– Acquisitions",,"D","Int",10,,,,,,,"C",,
"D516","Documents numériques – Ressources gratuites signalées – Fonds",,"D","Int",10,,,,,,,"C",,
"D517","Documents numériques –CD-ROM – Fonds",,"D","Int",10,,,,,,,"A",,
"D518","Documents numériques –CD-ROM – Acquisitions",,"D","Int",10,,,,,,,"A",,
,,,,,,,,,,,,,,
"E101","Usagers – Particuliers – Inscrits actifs",,"E","Int",10,,,,,,,"C",,
"E102","Usagers – Particuliers – dont nouveaux inscrits",,"E","Int",10,,,,,,,"AC",,
"E103","Usagers – Particuliers – dont emprunteurs actifs",,"E","Int",10,,,,,,,"AC",,
"E104","Usagers – Particuliers – dont Enfants (de 0 à 14 ans) Hommes – Inscrits actifs",,"E","Int",10,,,,,,,"C",,
"E105","Usagers – Particuliers – dont Enfants (de 0 à 14 ans) Hommes – dont nouveaux inscrits",,"E","Int",10,,,,,,,"AC",,
"E106","Usagers – Particuliers – dont Enfants (de 0 à 14 ans) Hommes – dont emprunteurs actifs",,"E","Int",10,,,,,,,"AC",,
"E107","Usagers – Particuliers – dont Enfants (de 0 à 14 ans) Femmes – Inscrits actifs",,"E","Int",10,,,,,,,"C",,
"E108","Usagers – Particuliers – dont Enfants (de 0 à 14 ans) Femmes – dont nouveaux inscrits",,"E","Int",10,,,,,,,"AC",,
"E109","Usagers – Particuliers – dont Enfants (de 0 à 14 ans) Femmes – dont emprunteurs actifs",,"E","Int",10,,,,,,,"AC",,
"E110","Usagers – Particuliers – dont Enfants (de 0 à 14 ans) Total – Inscrits actifs",,"E","Int",10,,,,,,,"C",,
"E111","Usagers – Particuliers – dont Enfants (de 0 à 14 ans) Total – dont nouveaux inscrits",,"E","Int",10,,,,,,,"AC",,
"E112","Usagers – Particuliers – dont Enfants (de 0 à 14 ans) Total – dont emprunteurs actifs",,"E","Int",10,,,,,,,"AC",,
"E113","Usagers – Particuliers – dont Adultes (de 15 à 64 ans) Hommes – Inscrits actifs",,"E","Int",10,,,,,,,"C",,
"E114","Usagers – Particuliers – dont Adultes (de 15 à 64 ans) Hommes – dont nouveaux inscrits",,"E","Int",10,,,,,,,"AC",,
"E115","Usagers – Particuliers – dont Adultes (de 15 à 64 ans) Hommes – dont emprunteurs actifs",,"E","Int",10,,,,,,,"AC",,
"E116","Usagers – Particuliers – dont Adultes (de 15 à 64 ans) Femmes – Inscrits actifs",,"E","Int",10,,,,,,,"C",,
"E117","Usagers – Particuliers – dont Adultes (de 15 à 64 ans) Femmes – dont nouveaux inscrits",,"E","Int",10,,,,,,,"AC",,
"E118","Usagers – Particuliers – dont Adultes (de 15 à 64 ans) Femmes – dont emprunteurs actifs",,"E","Int",10,,,,,,,"AC",,
"E119","Usagers – Particuliers – dont Adultes (de 15 à 64 ans) Total – Inscrits actifs",,"E","Int",10,,,,,,,"C",,
"E120","Usagers – Particuliers – dont Adultes (de 15 à 64 ans) Total – dont nouveaux inscrits",,"E","Int",10,,,,,,,"AC",,
"E121","Usagers – Particuliers – dont Adultes (de 15 à 64 ans) Total – dont emprunteurs actifs",,"E","Int",10,,,,,,,"AC",,
"E122","Usagers – Particuliers – dont Adultes (de 65 ans et plus) Hommes – Inscrits actifs",,"E","Int",10,,,,,,,"C",,
"E123","Usagers – Particuliers – dont Adultes (de 65 ans et plus) Hommes – dont nouveaux inscrits",,"E","Int",10,,,,,,,"AC",,
"E124","Usagers – Particuliers – dont Adultes (de 65 ans et plus) Hommes – dont emprunteurs actifs",,"E","Int",10,,,,,,,"AC",,
"E125","Usagers – Particuliers – dont Adultes (de 65 ans et plus) Femmes – Inscrits actifs",,"E","Int",10,,,,,,,"C",,
"E126","Usagers – Particuliers – dont Adultes (de 65 ans et plus) Femmes – dont nouveaux inscrits",,"E","Int",10,,,,,,,"AC",,
"E127","Usagers – Particuliers – dont Adultes (de 65 ans et plus) Femmes – dont emprunteurs actifs",,"E","Int",10,,,,,,,"AC",,
"E128","Usagers – Particuliers – dont Adultes (de 65 ans et plus) Total – Inscrits actifs",,"E","Int",10,,,,,,,"C",,
"E129","Usagers – Particuliers – dont Adultes (de 65 ans et plus) Total – dont nouveaux inscrits",,"E","Int",10,,,,,,,"AC",,
"E130","Usagers – Particuliers – dont Adultes (de 65 ans et plus) Total – dont emprunteurs actifs",,"E","Int",10,,,,,,,"AC",,
"E131","Usagers – Particuliers – Total adultes Hommes – Inscrits actifs",,"E","Int",10,,,,,,,"C",,
"E132","Usagers – Particuliers – Total adultes Hommes – dont nouveaux inscrits",,"E","Int",10,,,,,,,"AC",,
"E133","Usagers – Particuliers – Total adultes Hommes – dont emprunteurs actifs",,"E","Int",10,,,,,,,"AC",,
"E134","Usagers – Particuliers – Total adultes Femmes – Inscrits actifs",,"E","Int",10,,,,,,,"C",,
"E135","Usagers – Particuliers – Total adultes Femmes – dont nouveaux inscrits",,"E","Int",10,,,,,,,"AC",,
"E136","Usagers – Particuliers – Total adultes Femmes – dont emprunteurs actifs",,"E","Int",10,,,,,,,"AC",,
"E137","Usagers – Particuliers – Total adultes Hommes et Femmes – Inscrits actifs",,"E","Int",10,,,,,,,"C",,
"E138","Usagers – Particuliers – Total adultes Hommes et Femmes – dont nouveaux inscrits",,"E","Int",10,,,,,,,"AC",,
"E139","Usagers – Particuliers – Total adultes Hommes et Femmes – dont emprunteurs actifs",,"E","Int",10,,,,,,,"AC",,
"E140","Usagers – Particuliers – dont résidents dans la commune ou les communes adhérentes au réseau – Inscrits actifs",,"E","Int",10,,,,,,,"C",,
"E141","Usagers – Particuliers – dont résidents dans la commune ou les communes adhérentes au réseau – dont nouveaux inscrits",,"E","Int",10,,,,,,,"AC",,
"E142","Usagers – Particuliers – dont résidents dans la commune ou les communes adhérentes au réseau – dont emprunteurs actifs",,"E","Int",10,,,,,,,"AC",,
"E143","Usagers – Collectivités – dont nouveaux inscrits",,"E","Int",10,,,,,,,"AC",,
"E144","Usagers – Collectivités – dont emprunteurs actifs",,"E","Int",10,,,,,,,"AC",,
"E145","Usagers – Fréquentation : entrées dans l'établissement – Centrale",,"E","Int",10,,,,,,,"C",,
"E146","Usagers – Fréquentation : entrées dans l'établissement – Réseau",,"E","Int",10,,,,,,,"C",,
"E201",,,"E","Int",10,,,,,,,"AC",,
"E202",,,"E","Int",10,,,,,,,"AC",,
"E203",,,"E","Int",10,,,,,,,"AC",,
"E204",,,"E","Int",10,,,,,,,"AC",,
"E205",,,"E","Int",10,,,,,,,"AC",,
"E206",,,"E","Int",10,,,,,,,"AC",,
"E207",,,"E","Int",10,,,,,,,"AC",,
"E208",,,"E","Int",10,,,,,,,"AC",,
"E209",,,"E","Int",10,,,,,,,"C",,
"E210",,,"E","Int",10,,,,,,,"C",,
"E211",,,"E","Int",10,,,,,,,"C",,
"E212",,,"E","Int",10,,,,,,,"C",,
"E213",,,"E","Int",10,,,,,,,"C",,
"E214",,,"E","Int",10,,,,,,,"C",,
"E215",,,"E","Int",10,,,,,,,"C",,
"E216",,,"E","Int",10,,,,,,,"C",,
"E217",,,"E","Int",10,,,,,,,"AC",,
"E218",,,"E","Int",10,,,,,,,"AC",,
"E219",,,"E","Int",10,,,,,,,"AC",,
"E220",,,"E","Int",10,,,,,,,"AC",,
"E221",,,"E","Int",10,,,,,,,"AC",,
"E222",,,"E","Int",10,,,,,,,"AC",,
"E223",,,"E","Int",10,,,,,,,"AC",,
"E224",,,"E","Int",10,,,,,,,"AC",,
"E225",,,"E","Int",10,,,,,,,"C",,
"E226",,,"E","Int",10,,,,,,,"C",,
"E227",,,"E","Int",10,,,,,,,"C",,
"E228",,,"E","Int",10,,,,,,,"C",,
"E229",,,"E","Int",10,,,,,,,"C",,
"E230",,,"E","Int",10,,,,,,,"C",,
"E231",,,"E","Int",10,,,,,,,"C",,
"E232",,,"E","Int",10,,,,,,,"C",,
"E233",,,"E","Int",10,,,,,,,"A",,
"E234",,,"E","Int",10,,,,,,,"A",,
"E235",,,"E","Int",10,,,,,,,"A",,
"E236",,,"E","Int",10,,,,,,,"A",,
"E237",,,"E","Int",10,,,,,,,"A",,
"E238",,,"E","Int",10,,,,,,,"A",,
"E239",,,"E","Int",10,,,,,,,"A",,
"E240",,,"E","Int",10,,,,,,,"A",,
"E301",,,"E","Int",10,,,,,,,"C",,
"E302",,,"E","Int",10,,,,,,,"C",,
"E303",,,"E","Int",10,,,,,,,"C",,
"E304",,,"E","Int",10,,,,,,,"C",,
"E305",,,"E","Int",10,,,,,,,"C",,
"E306",,,"E","Int",10,,,,,,,"C",,
"E307",,,"E","Int",10,,,,,,,"C",,
"E401",,,"E","Int",10,,,,,,,"C",,
"E402",,,"E","Int",10,,,,,,,"C",,
"E403",,,"E","Int",10,,,,,,,"C",,
"E404",,,"E","Int",10,,,,,,,"C",,
"E501",,,"E","Boolean","Radio",,"Oui / Non",,,,,"AC",,
"E502",,,"E","Int",10,,,"N",,,"E501","AC",,
"E503",,,"E","Int",10,,,"N",,,"E501","AC",,
"E504",,,"E","Boolean","Radio",,"Oui / Non",,,,,"AC",,
"E505",,,"E","Int",10,,,"N",,,"E504","AC",,
"E506",,,"E","Int",10,,,"N",,,"E504","AC",,
"E507",,,"E","Boolean","Radio",,"Oui / Non",,,,,"C",,
"E508",,,"E","Int",10,,,"N",,,"E507","C",,
"E509",,,"E","Boolean","Radio",,"Oui / Non",,,,,"C",,
"E510",,,"E","Int",10,,,"N",,,"E509","C",,
"E511",,,"E","Boolean","Radio",,"Oui / Non",,,,,"C",,
"E512",,,"E","Int",10,,,"N",,,"E511","C",,
"E513",,,"E","Boolean","Radio",,"Oui / Non",,,,,"C",,
"E514",,,"E","Int",10,,,"N",,,"E513","C",,
"E515",,,"E","Boolean","Radio",,"Oui / Non",,,,,"AC",,
"E516",,,"E","Int",10,,,"N",,,"E515","AC",,
"E517",,,"E","Boolean","Radio",,"Oui / Non","N",,,"E515","C",,
"E518",,,"E","Int",10,,,"N",,,"E517","C",,
"E519",,,"E","Boolean","Radio",,"Oui / Non","N",,,"E515","C",,
"E520",,,"E","Int",10,,,"N",,,"E519","C",,
"E521",,,"E","Boolean","Radio",,"Oui / Non","N",,,"E519","C",,
"E522",,,"E","Int",10,,,"N",,,"E521","C",,
"E523",,,"E","Boolean","Radio",,"Oui / Non","N",,,"E519","C",,
"E524",,,"E","Int",10,,,"N",,,"E523","C",,
"E525",,,"E","Boolean","Radio",,"Oui / Non","N",,,"E519","C",,
"E526",,,"E","Int",10,,,"N",,,"E525","C",,
"E527",,,"E","Boolean","Radio",,"Oui / Non",,,,,"AC",,
"E528",,,"E","Int",10,,,"N",,,"E527","AC",,
"E529",,,"E","Boolean","Radio",,"Oui / Non",,,,,"AC",,
"E530",,,"E","Int",10,,,"N",,,"E529","AC",,
,,,,,,,,,,,,,,
,,,,,,,,,,,,,,
"F101",,,"F","Int",10,,,,,,,"AC",,
"F102",,,"F","Int",10,,,,,,,"C",,
"F103",,,"F","Int",10,,,,,,,"C",,
"F104",,,"F","Int",10,,,,,,,"C",,
"F105",,,"F","Int",10,,,,,,,"C",,
"F106",,,"F","Int",10,,,,,,,"AC",,
"F201",,,"F","Int",10,,,,,,,"AC",,
"F202",,,"F","Int",10,,,,,,,"C",,
"F301",,,"F","Int",10,,,,,,,"AC",,
"F302",,,"F","Int",10,,,,,,,"C",,
"F303",,,"F","Int",10,,,,,,,"AC",,
"F304",,,"F","Int",10,,,,,,,"C",,
"F305",,,"F","Int",10,,,,,,,"AC",,
"F306",,,"F","Int",10,,,,,,,"C",,
"F307",,,"F","Int",10,,,,,,,"AC",,
"F308",,,"F","Int",10,,,,,,,"C",,
"F309",,,"F","Int",10,,,,,,,"C",,
"F310",,,"F","Int",10,,,,,,,"C",,
"F311",,,"F","Int",10,,,,,,,"C",,
"F312",,,"F","Int",10,,,,,,,"C",,
"F313",,,"F","Int",10,,,,,,,"AC",,
"F314",,,"F","Int",10,,,,,,,"A",,
"F401",,,"F","Int",10,,,,,,,"C",,
"F402",,,"F","Int",10,,,,,,,"C",,
"F403",,,"F","Int",10,,,,,,,"C",,
"F501",,,"F","Int",10,,,,,,,"C",,
"F502",,,"F","Int",10,,,,,,,"AC",,
"F503",,,"F","Int",10,,,,,,,"C",,
"F504",,,"F","Int",10,,,,,,,"C",,
"F505",,,"F","Int",10,,,,,,,"C",,
"F506",,,"F","Int",10,,,,,,,"C",,
"F507",,,"F","Int",10,,,,,,,"C",,
"F508",,,"F","Int",10,,,,,,,"AC",,
"F601",,,"F","Int",10,,,,,,,"AC",,
"F602",,,"F","Int",10,,,,,,,"AC",,
"F603",,,"F","Int",10,,,,,,,"AC",,
"F604",,,"F","Int",10,,,,,,,"AC",,
"F605",,,"F","Int",10,,,,,,,"AC",,
,,,,,,,,,,,,,,
"G101",,,"G","Int",10,,,,,,,"AC",,
"G102",,,"G","Dec","5,2",10,,,,,,"AC",,
"G103",,,"G","Int",10,,,,,,,"AC",,
"G104",,,"G","Dec","5,2",10,,,,,,"AC",,
"G105",,,"G","Int",10,,,,,,,"AC",,
"G106",,,"G","Dec","5,2",10,,,,,,"AC",,
"G107",,,"G","Int",10,,,,,,,"AC",,
"G108",,,"G","Dec","5,2",10,,,,,,"AC",,
"G109",,,"G","Int",10,,,,,,,"AC",,
"G110",,,"G","Dec","5,2",10,,,,,,"AC",,
"G111",,,"G","Int",10,,,,,,,"AC",,
"G112",,,"G","Dec","5,2",10,,,,,,"AC",,
"G113",,,"G","Int",10,,,,,,,"AC",,
"G114",,,"G","Int",10,,,,,,,"AC",,
"G115",,,"G","Dec","5,2",10,,,,,,"AC",,
"G116",,,"G","Int",10,,,,,,,"AC",,
"G117",,,"G","Int",10,,,,,,,"AC",,
"G118",,,"G","Dec","5,2",10,,,,,,"AC",,
"G119",,,"G","Int",10,,,,,,,"AC",,
"G120",,,"G","Int",10,,,,,,,"AC",,
"G121",,,"G","Dec","5,2",10,,,,,,"AC",,
"G122",,,"G","Int",10,,,,,,,"AC",,
"G123",,,"G","Int",10,,,,,,,"AC",,
"G124",,,"G","Dec","5,2",10,,,,,,"AC",,
"G125",,,"G","Int",10,,,,,,,"AC",,
"G126",,,"G","Int",10,,,,,,,"AC",,
"G127",,,"G","Dec","5,2",10,,,,,,"AC",,
"G128",,,"G","Int",10,,,,,,,"AC",,
"G129",,,"G","Int",10,,,,,,,"AC",,
"G130",,,"G","Int",10,,,,,,,"AC",,
"G201",,,"G","Int",10,,,,,,,"C",,
"G202",,,"G","Int",10,,,,,,,"C",,
"G203",,,"G","Int",10,,,,,,,"C",,
"G204",,,"G","Int",10,,,,,,,"C",,
"G205",,,"G","Int",10,,,,,,,"C",,
"G206",,,"G","Int",10,,,,,,,"C",,
"G207",,,"G","Int",10,,,,,,,"C",,
"G301",,,"G","Dec","5,2",10,,,,,,"C",,
"G302",,,"G","Dec","5,2",10,,,,,,"AC",,
"G303",,,"G","Dec","5,2",10,,,,,,"C",,
"G304",,,"G","Dec","5,2",10,,,,,,"C",,
"G305",,,"G","Dec","5,2",10,,,,,,"C",,
"G306",,,"G","Dec","5,2",10,,,,,,"C",,
"G307",,,"G","Dec","5,2",10,,,,,,"C",,
"G308",,,"G","Dec","5,2",10,,,,,,"C",,
,,,,,,,,,,,,,,
,,,,,,,,,,,,,,
"H101",,,"H","Boolean","Radio",,"Oui / Non",,,,,"AC",,
"H102",,,"H","Int",10,,,"N",,,"H101","AC",,
"H103",,,"H","Int",10,,,"N",,,"H101","AC",,
"H104",,,"H","Boolean","Radio",,"Oui / Non",,,,,"AC",,
"H105",,,"H","Int",10,,,"N",,,"H104","AC",,
"H106",,,"H","Int",10,,,"N",,,"H104","AC",,
"H107",,,"H","Boolean","Radio",,"Oui / Non",,,,,"AC",,
"H108",,,"H","Int",10,,,"N",,,"H107","AC",,
"H109",,,"H","Int",10,,,"N",,,"H107","AC",,
"H110",,,"H","Boolean","Radio",,"Oui / Non",,,,,"AC",,
"H111",,,"H","Int",10,,,"N",,,"H110","AC",,
"H112",,,"H","Boolean","Radio",,"Oui / Non",,,,,"AC",,
"H113",,,"H","Int",10,,,"N",,,"H112","AC",,
"H114",,,"H","Boolean","Radio",,"Oui / Non",,,,,"AC",,
"H115",,,"H","Int",10,,,"N",,,"H114","AC",,
"H116",,,"H","Boolean","Radio",,"Oui / Non",,,,,"AC",,
"H117",,,"H","Int",10,,,"N",,,"H116","AC",,
"H118",,,"H","Boolean","Radio",,"Oui / Non",,,,,"AC",,
"H119",,,"H","Int",10,,,"N",,,"H118","AC",,
"H120",,,"H","Boolean","Radio",,"Oui / Non",,,,,"AC",,
"H121",,,"H","Int",10,,,"N",,,"H120","AC",,
"H122",,,"H","Boolean","Radio",,"Oui / Non",,,,,"AC",,
"H123",,,"H","Int",10,,,"N",,,"H122","AC",,
"H124",,,"H","Boolean","Radio",,"Oui / Non",,,,,"AC",,
"H125",,,"H","Int",10,,,"N",,,"H124","AC",,
"H126",,,"H","Boolean","Radio",,"Oui / Non",,,,,"AC",,
"H127",,,"H","Int",10,,,"N",,,"H126","AC",,
"H200",,,"H","Boolean","Radio",,"Oui / Non",,,,,"A",,
"H202",,,"H","Boolean","Radio",,"Oui / Non",,,,,"C",,
"H203",,,"H","Int",10,,,"N",,,"H202","C",,
"H204",,,"H","Boolean","Radio",,"Oui / Non",,,,,"C",,
"H205",,,"H","Int",10,,,"N",,,"H204","C",,
"H206",,,"H","Boolean","Radio",,"Oui / Non",,,,,"C",,
"H207",,,"H","Int",10,,,"N",,,"H206","C",,
"H208",,,"H","Boolean","Radio",,"Oui / Non",,,,,"C",,
"H209",,,"H","Int",10,,,"N",,,"H208","C",,
"H210",,,"H","Boolean","Radio",,"Oui / Non",,,,,"C",,
"H211",,,"H","Int",10,,,"N",,,"H210","C",,
"H212",,,"H","Boolean","Radio",,"Oui / Non",,,,,"C",,
"H213",,,"H","Int",10,,,"N",,,"H212","C",,
"H214",,,"H","Boolean","Radio",,"Oui / Non",,,,,"C",,
"H215",,,"H","Int",10,,,"N",,,"H214","C",,
"H216",,,"H","Boolean","Radio",,"Oui / Non",,,,,"C",,
"H217",,,"H","Int",10,,,"N",,,"H216","C",,
"H301",,,"H","Boolean","Radio",,"Oui / Non",,,,,"C",,
"H302",,,"H","Int",10,,,"N",,,"H301","C",,
"H303",,,"H","Int",10,,,"N",,,"H301","C",,
"H304",,,"H","Boolean","Radio",,"Oui / Non","N",,,"H301","C",,
"H305",,,"H","Int",10,,,"N",,,"H304","C",,
"H306",,,"H","Int",10,,,"N",,,"H304","C",,
"H307",,,"H","Boolean","Radio",,"Oui / Non",,,,,"C",,
"H308",,,"H","Int",10,,,"N",,,"H307","C",,
"H309",,,"H","Int",10,,,"N",,,"H307","C",,
"H401",,,"H","Boolean","Radio",,"Oui / Non",,,,,"AC",,
"H402",,,"H","Int",10,,,"N",,,"H401","AC",,
"H403",,,"H","Int",10,,,"N",,,"H401","AC",,
"H404",,,"H","Int",10,,,"N",,,"H401","AC",,
"H405",,,"H","Boolean","Radio",,"Oui / Non",,,,,"AC",,
"H406",,,"H","Int",10,,,"N",,,"H405","AC",,
"H407",,,"H","Int",10,,,"N",,,"H405","AC",,
"H408",,,"H","Int",10,,,"N",,,"H405","AC",,
"H409",,,"H","Boolean","Radio",,"Oui / Non","N",,,"H405","AC",,
"H410",,,"H","Int",10,,,"N",,,"H409","AC",,
"H411",,,"H","Int",10,,,"N",,,"H409","AC",,
"H412",,,"H","Int",10,,,"N",,,"H409","AC",,
"H413",,,"H","Boolean","Radio",,"Oui / Non","N",,,"H405","AC",,
"H414",,,"H","Int",10,,,"N",,,"H413","AC",,
"H415",,,"H","Int",10,,,"N",,,"H413","AC",,
"H416",,,"H","Int",10,,,"N",,,"H413","AC",,
"H417",,,"H","Boolean","Radio",,"Oui / Non","N",,,"H405","AC",,
"H418",,,"H","Int",10,,,"N",,,"H417","AC",,
"H419",,,"H","Int",10,,,"N",,,"H417","AC",,
"H420",,,"H","Boolean","Radio",,"Oui / Non","N",,,"H405","AC",,
"H421",,,"H","Int",10,,,"N",,,"H420","AC",,
"H422",,,"H","Int",10,,,"N",,,"H420","AC",,
"H423",,,"H","Int",10,,,"N",,,"H420","AC",,
"H424",,,"H","Boolean","Radio",,"Oui / Non","N",,,"H405","AC",,
"H425",,,"H","Int",10,,,"N",,,"H424","AC",,
"H426",,,"H","Int",10,,,"N",,,"H424","AC",,
"H427",,,"H","Int",10,,,"N",,,"H424","AC",,
"H428",,,"H","Boolean","Radio",,"Oui / Non","N",,,"H405","AC",,
"H429",,,"H","Int",10,,,"N",,,"H428","AC",,
"H430",,,"H","Int",10,,,"N",,,"H428","AC",,
"H431",,,"H","Int",10,,,"N",,,"H428","AC",,
"H432",,,"H","Boolean","Radio",,"Oui / Non",,,,,"AC",,
"H433",,,"H","Int",10,,,"N",,,"H432","AC",,
"H434",,,"H","Int",10,,,"N",,,"H432","AC",,
"H435",,,"H","Int",10,,,"N",,,"H432","AC",,
"H501",,,"H","Boolean","Radio",,"Oui / Non",,,,,"C",,
"H502",,,"H","Int",10,,,"N",,,"H501","C",,
"H503",,,"H","Int",10,,,"N",,,"H501","C",,
"H504",,,"H","Boolean","Radio",,"Oui / Non",,,,,"C",,
"H505",,,"H","Int",10,,,"N",,,"H504","C",,
"H506",,,"H","Int",10,,,"N",,,"H504","C",,
"H601",,,"H","Boolean","Radio",,"Oui / Non",,,,,"C",,
"H602",,,"H","Int",10,,,"N",,,"H601","C",,
"H603",,,"H","Int",10,,,"N",,,"H601","C",,
"H604",,,"H","Boolean","Radio",,"Oui / Non",,,,,"C",,
"H605",,,"H","Int",10,,,"N",,,"H604","C",,
"H606",,,"H","Int",10,,,"N",,,"H604","C",,
"H607",,,"H","Boolean","Radio",,"Oui / Non",,,,,"C",,
"H608",,,"H","Int",10,,,"N",,,"H607","C",,
"H609",,,"H","Int",10,,,"N",,,"H607","C",,
"H701",,,"H","Boolean","Radio",,"Oui / Non",,,,,"C",,
"H702",,,"H","Int",10,,,"N",,,"H701","C",,
"H703",,,"H","Int",10,,,"N",,,"H701","C",,
"H704",,,"H","Boolean","Radio",,"Oui / Non",,,,,"C",,
"H705",,,"H","Int",10,,,"N",,,"H704","C",,
"H706",,,"H","Int",10,,,"N",,,"H704","C",,
"H707",,,"H","Boolean","Radio",,"Oui / Non",,,,,"C",,
"H708",,,"H","Int",10,,,"N",,,"H707","C",,
"H709",,,"H","Int",10,,,"N",,,"H707","C",,
"H710",,,"H","Boolean","Radio",,"Oui / Non",,,,,"C",,
"H711",,,"H","Int",10,,,"N",,,"H710","C",,
"H712",,,"H","Int",10,,,"N",,,"H710","C",,
"H713",,,"H","Boolean","Radio",,"Oui / Non",,,,,"C",,
"H714",,,"H","Int",10,,,"N",,,"H713","C",,
"H715",,,"H","Int",10,,,"N",,,"H713","C",,
"H716",,,"H","Boolean","Radio",,"Oui / Non",,,,,"C",,
"H717",,,"H","Int",10,,,"N",,,"H716","C",,
"H718",,,"H","Int",10,,,"N",,,"H716","C",,
"H719",,,"H","Boolean","Radio",,"Oui / Non",,,,,"C",,
"H720",,,"H","Int",10,,,"N",,,"H719","C",,
"H721",,,"H","Int",10,,,"N",,,"H719","C",,
"I101","Commentaires",,"I","Text",100,,,"N",,,,"AC",,
