"Variable","Titre","Formulaire (par défaut BM)","page","type","Représentation (par défaut INPUT TEXT)","Taille de champs de saisie (par défaut identique à Représentation)","valeurs autorisées / modalités","Obligatoire (par défaut OUI)","Non Modifiable (par défaut NON)","SOMME","DEPENDANCES","Abrégé (A) / Complet (C) / Les deux (AC) (AC par défaut)","initialisation  (par défaut aucune)","Nom variable n-1 dans ADRESSE08"
1,"Nom ","BDP",0,"Str",,,,,,,,,,
10,"Télécopie","BDP",0,"Str",,,,,,,,,,
11,"Courriel","BDP",0,"Str",,,,,,,,,,
12,"Site Web","BDP",0,"Str",,,,,,,,,,
2,"Nom (suite)","BDP",0,"Str",,,,,,,,,,
3,"?","BDP",0,"Str",,,,,,,,,,
30,"Complément d'adresse","BDP",0,"Str",,,,,,,,,,
31,"N°","BDP",0,"Str",,,,,,,,,,
32,"Type voie","BDP",0,"Str",,,,,,,,,,
33,"Nom voie","BDP",0,"Str",,,,,,,,,,
4,"Code postal","BDP",0,"Str",,,,,,,,,,
5,"Ville","BDP",0,"Str",,,,,,,,,,
6,"Cedex","BDP",0,"Str",,,,,,,,,,
7,"Nom et prénom du directeur ou du directeur par intérim","BDP",0,"Str",,,,,,,,,,
8,"Statut et Grade du Directeur ou du directeur par intérim","BDP",0,"Str",,,,,,,,,,
9,"Téléphone","BDP",0,"Str",,,,,,,,,,
"A11",,"BDP","A","Int",,,,,,,,,,
"A12",,"BDP","A","Int",,,,,,,,,,
"A13",,"BDP","A","Int",,,,,,,,,,
"A14",,"BDP","A","Int",,,,,,,,,,
"A15",,"BDP","A","Int",,,,,,,,,,
"A16",,"BDP","A","Int",,,,,,,,,,
"A17",,"BDP","A","Int",,,,,,"A11+A12+A13+A14+A15+A16+A18",,,,
"A18",,"BDP","A","Int",,,,,,,,,,
"A21",,"BDP","A","Int",,,,,,,,,,
"A22",,"BDP","A","Int",,,,,,,,,,
"A23",,"BDP","A","Int",,,,,,,,,,
"A24",,"BDP","A","Int",,,,,,"A21+A22+A23",,,,
"A31",,"BDP","A","Int",,,,,,,,,,
"A32",,"BDP","A","Int",,,,,,,,,,
"B11X",,"BDP","B","Int",,,,,,,,,,
"B11Y",,"BDP","B","Int",,,,,,,,,,
"B11Z",,"BDP","B","Int",,,,,,"B11X+B11Y",,,,
"B12X",,"BDP","B","Int",,,,,,,,,,
"B12Y",,"BDP","B","Int",,,,,,,,,,
"B12Z",,"BDP","B","Int",,,,,,"B12X+B12Y",,,,
"B13X",,"BDP","B","Int",,,,,,,,,,
"B13Y",,"BDP","B","Int",,,,,,,,,,
"B13Z",,"BDP","B","Int",,,,,,"B13X+B13Y",,,,
"B14Z",,"BDP","B","Int",,,,,,,,,,
"B15",,"BDP","B","Boolean",,,,,,,,,,
"B16X",,"BDP","B","Int",,,,,,,,,,
"B16Y",,"BDP","B","Int",,,,,,,,,,
"B16Z",,"BDP","B","Int",,,,,,"B16X+B16Y",,,,
"B21",,"BDP","B","Int",,,,,,,,,,
"B22",,"BDP","B","Int",,,,,,,,,,
"B23",,"BDP","B","Int",,,,,,,,,,
"B31",,"BDP","B","Boolean",,,,,,,,,,
"B32",,"BDP","B","Str",,,,,,,,,,
"B33",,"BDP","B","Boolean",,,,,,,,,,
"B34",,"BDP","B","Int",,,,,,,"B33",,,
"B35",,"BDP","B","Str",,,,,,,,,,
"B36X",,"BDP","B","Int",,,,,,,,,,
"B36Y",,"BDP","B","Int",,,,,,,,,,
"B37X",,"BDP","B","Int",,,,,,,,,,
"B37Y",,"BDP","B","Int",,,,,,,,,,
"B38X",,"BDP","B","Int",,,,,,"B36X+B37X",,,,
"B38Y",,"BDP","B","Int",,,,,,"B36Y+B37Y",,,,
"B39",,"BDP","B","Boolean",,,,,,,"B41",,,
"B40",,"BDP","B","Boolean",,,,,,,"B41",,,
"B41",,"BDP","B","Boolean",,,,,,,,,,
"C11S",,"BDP","C","Int",,,,,,,,,,
"C11T",,"BDP","C","Dec",,,,,,,,,,
"C11U",,"BDP","C","Int",,,,,,,,,,
"C11W",,"BDP","C","Int",,,,,,,,,,
"C11X",,"BDP","C","Dec",,,,,,,,,,
"C11Y",,"BDP","C","Int",,,,,,,,,,
"C11Z",,"BDP","C","Int",,,,,,,,,,
"C12S",,"BDP","C","Int",,,,,,,,,,
"C12T",,"BDP","C","Dec",,,,,,,,,,
"C12U",,"BDP","C","Int",,,,,,,,,,
"C12W",,"BDP","C","Int",,,,,,,,,,
"C12X",,"BDP","C","Dec",,,,,,,,,,
"C12Y",,"BDP","C","Int",,,,,,,,,,
"C12Z",,"BDP","C","Int",,,,,,,,,,
"C13S",,"BDP","C","Int",,,,,,,,,,
"C13T",,"BDP","C","Dec",,,,,,,,,,
"C13U",,"BDP","C","Int",,,,,,,,,,
"C13W",,"BDP","C","Int",,,,,,,,,,
"C13X",,"BDP","C","Dec",,,,,,,,,,
"C13Y",,"BDP","C","Int",,,,,,,,,,
"C13Z",,"BDP","C","Int",,,,,,,,,,
"C14S",,"BDP","C","Int",,,,,,,,,,
"C14T",,"BDP","C","Dec",,,,,,,,,,
"C14U",,"BDP","C","Int",,,,,,,,,,
"C14W",,"BDP","C","Int",,,,,,,,,,
"C14X",,"BDP","C","Dec",,,,,,,,,,
"C14Y",,"BDP","C","Int",,,,,,,,,,
"C14Z",,"BDP","C","Int",,,,,,,,,,
"C17S",,"BDP","C","Int",,,,,,,,,,
"C17T",,"BDP","C","Dec",,,,,,,,,,
"C17U",,"BDP","C","Int",,,,,,,,,,
"C17W",,"BDP","C","Int",,,,,,,,,,
"C17X",,"BDP","C","Dec",,,,,,,,,,
"C17Y",,"BDP","C","Int",,,,,,,,,,
"C17Z",,"BDP","C","Int",,,,,,,,,,
"C21S",,"BDP","C","Int",,,,,,,,,,
"C21T",,"BDP","C","Dec",,,,,,,,,,
"C21U",,"BDP","C","Int",,,,,,,,,,
"C21W",,"BDP","C","Int",,,,,,,,,,
"C21X",,"BDP","C","Dec",,,,,,,,,,
"C21Y",,"BDP","C","Int",,,,,,,,,,
"C21Z",,"BDP","C","Int",,,,,,,,,,
"C22S",,"BDP","C","Int",,,,,,,,,,
"C22T",,"BDP","C","Dec",,,,,,,,,,
"C22U",,"BDP","C","Int",,,,,,,,,,
"C22W",,"BDP","C","Int",,,,,,,,,,
"C22X",,"BDP","C","Dec",,,,,,,,,,
"C22Y",,"BDP","C","Int",,,,,,,,,,
"C22Z",,"BDP","C","Int",,,,,,,,,,
"C23S",,"BDP","C","Int",,,,,,,,,,
"C23T",,"BDP","C","Dec",,,,,,,,,,
"C23U",,"BDP","C","Int",,,,,,,,,,
"C23W",,"BDP","C","Int",,,,,,,,,,
"C23X",,"BDP","C","Dec",,,,,,,,,,
"C23Y",,"BDP","C","Int",,,,,,,,,,
"C23Z",,"BDP","C","Int",,,,,,,,,,
"C31S",,"BDP","C","Int",,,,,,,,,,
"C31T",,"BDP","C","Dec",,,,,,,,,,
"C31U",,"BDP","C","Int",,,,,,,,,,
"C31W",,"BDP","C","Int",,,,,,,,,,
"C31X",,"BDP","C","Dec",,,,,,,,,,
"C31Y",,"BDP","C","Int",,,,,,,,,,
"C31Z",,"BDP","C","Int",,,,,,,,,,
"C32S",,"BDP","C","Int",,,,,,,,,,
"C32T",,"BDP","C","Dec",,,,,,,,,,
"C32U",,"BDP","C","Int",,,,,,,,,,
"C32W",,"BDP","C","Int",,,,,,,,,,
"C32X",,"BDP","C","Dec",,,,,,,,,,
"C32Y",,"BDP","C","Int",,,,,,,,,,
"C32Z",,"BDP","C","Int",,,,,,,,,,
"C33S",,"BDP","C","Int",,,,,,,,,,
"C33T",,"BDP","C","Dec",,,,,,,,,,
"C33U",,"BDP","C","Int",,,,,,,,,,
"C33W",,"BDP","C","Int",,,,,,,,,,
"C33X",,"BDP","C","Dec",,,,,,,,,,
"C33Y",,"BDP","C","Int",,,,,,,,,,
"C33Z",,"BDP","C","Int",,,,,,,,,,
"C34S",,"BDP","C","Int",,,,,,,,,,
"C34T",,"BDP","C","Dec",,,,,,,,,,
"C34U",,"BDP","C","Int",,,,,,,,,,
"C34W",,"BDP","C","Int",,,,,,,,,,
"C34X",,"BDP","C","Dec",,,,,,,,,,
"C34Y",,"BDP","C","Int",,,,,,,,,,
"C34Z",,"BDP","C","Int",,,,,,,,,,
"C41S",,"BDP","C","Int",,,,,,,,,,
"C41U",,"BDP","C","Int",,,,,,,,,,
"C41W",,"BDP","C","Int",,,,,,,,,,
"C41Y",,"BDP","C","Int",,,,,,,,,,
"C41Z",,"BDP","C","Int",,,,,,,,,,
"C42S",,"BDP","C","Int",,,,,,,,,,
"C42W",,"BDP","C","Int",,,,,,,,,,
"C42Z",,"BDP","C","Int",,,,,,,,,,
"C43S",,"BDP","C","Int",,,,,,"C11S+C12S+C13S+C14S+C17S+C21S+C22S+C23S+C31S+C33S+C41S+C42S",,,,
"C43T",,"BDP","C","Dec",,,,,,"C11T+C12T+C13T+C14T+C17T+C21T+C22T+C23T+C31T+C33T",,,,
"C43U",,"BDP","C","Int",,,,,,"C11U+C12U+C13U+C14U+C17U+C21U+C22U+C23U+C31U+C33U+C41U",,,,
"C43W",,"BDP","C","Int",,,,,,"C11W+C12W+C13W+C14W+C17W+C21W+C22W+C23W+C31W+C33W+C41W+C42W",,,,
"C43X",,"BDP","C","Dec",,,,,,"C11X+C12X+C13X+C14X+C17X+C21X+C22X+C23X+C31X+C33X",,,,
"C43Y",,"BDP","C","Int",,,,,,"C11Y+C12Y+C13Y+C14Y+C17Y+C21Y+C22Y+C23Y+C31Y+C33Y+C41Y",,,,
"C43Z",,"BDP","C","Int",,,,,,"C11Z+C12Z+C13Z+C14Z+C17Z+C21Z+C22Z+C23Z+C31Z+C33Z+C41Z+C42Z",,,,
"C51Z",,"BDP","C","Int",,,,,,,,,,
"CV",,"BDP","C","EnumCV",,,,,,,,,,
"D11X",,"BDP","D","Int",,,,,,,,,,
"D11Y",,"BDP","D","Int",,,,,,,,,,
"D11Z",,"BDP","D","Int",,,,,,"D11X+D11Y",,,,
"D12X",,"BDP","D","Int",,,,,,,,,,
"D12Y",,"BDP","D","Int",,,,,,,,,,
"D12Z",,"BDP","D","Int",,,,,,"D12X+D12Y",,,,
"D13X",,"BDP","D","Int",,,,,,"D11X+D12X",,,,
"D13Y",,"BDP","D","Int",,,,,,"D11Y+D12Y",,,,
"D13Z",,"BDP","D","Int",,,,,,"D13X+D13Y",,,,
"D14X",,"BDP","D","Int",,,,,,,,,,
"D14Y",,"BDP","D","Int",,,,,,,,,,
"D14Z",,"BDP","D","Int",,,,,,"D14X+D14Y",,,,
"D15X",,"BDP","D","Int",,,,,,,,,,
"D15Y",,"BDP","D","Int",,,,,,,,,,
"D15Z",,"BDP","D","Int",,,,,,"D15X+D15Y",,,,
"D16X",,"BDP","D","Int",,,,,,"D14X+D15X",,,,
"D16Y",,"BDP","D","Int",,,,,,"D14Y+D15Y",,,,
"D16Z",,"BDP","D","Int",,,,,,"D14Z+D15Z",,,,
"D17X",,"BDP","D","Int",,,,,,,,,,
"D17Y",,"BDP","D","Int",,,,,,,,,,
"D17Z",,"BDP","D","Int",,,,,,"D17X+D17Y",,,,
"D18X",,"BDP","D","Int",,,,,,,,,,
"D18Y",,"BDP","D","Int",,,,,,,,,,
"D18Z",,"BDP","D","Int",,,,,,"D18X+D18Y",,,,
"D19X",,"BDP","D","Int",,,,,,"D17X+D18X",,,,
"D19Y",,"BDP","D","Int",,,,,,"D17Y+D18Y",,,,
"D19Z",,"BDP","D","Int",,,,,,"D17Z+D18Z",,,,
"D20X",,"BDP","D","Int",,,,,,,,,,
"D20Y",,"BDP","D","Int",,,,,,,,,,
"D20Z",,"BDP","D","Int",,,,,,"D20X+D20Y",,,,
"D21X",,"BDP","D","Int",,,,,,,,,,
"D21Y",,"BDP","D","Int",,,,,,,,,,
"D21Z",,"BDP","D","Int",,,,,,"D21X+D21Y",,,,
"D22X",,"BDP","D","Int",,,,,,"D20X+D21X",,,,
"D22Y",,"BDP","D","Int",,,,,,"D20Y+D21Y",,,,
"D22Z",,"BDP","D","Int",,,,,,"D22X+D22Y",,,,
"D23X",,"BDP","D","Int",,,,,,,,,,
"D23Y",,"BDP","D","Int",,,,,,,,,,
"D23Z",,"BDP","D","Int",,,,,,"D23X+D23Y",,,,
"D24X",,"BDP","D","Int",,,,,,,,,,
"D24Y",,"BDP","D","Int",,,,,,,,,,
"D24Z",,"BDP","D","Int",,,,,,"D24X+D24Y",,,,
"D25X",,"BDP","D","Int",,,,,,,,,,
"D25Y",,"BDP","D","Int",,,,,,,,,,
"D25Z",,"BDP","D","Int",,,,,,"D25X+D25Y",,,,
"D31",,"BDP","D","Int",,,,,,,,,,
"E11X",,"BDP","E","Int",,,,,,,,,,
"E11Y",,"BDP","E","Int",,,,,,,,,,
"E11Z",,"BDP","E","Int",,,,,,"E11X+E11Y",,,,
"E12X",,"BDP","E","Int",,,,,,,,,,
"E12Y",,"BDP","E","Int",,,,,,,,,,
"E12Z",,"BDP","E","Int",,,,,,"E12X+E12Y",,,,
"E13X",,"BDP","E","Int",,,,,,"E11X+E12X",,,,
"E13Y",,"BDP","E","Int",,,,,,"E11Y+E12Y",,,,
"E13Z",,"BDP","E","Int",,,,,,"E11Z+E12Z",,,,
"E14X",,"BDP","E","Int",,,,,,,,,,
"E14Y",,"BDP","E","Int",,,,,,,,,,
"E14Z",,"BDP","E","Int",,,,,,"E14X+E14Y",,,,
"E15X",,"BDP","E","Int",,,,,,,,,,
"E15Y",,"BDP","E","Int",,,,,,,,,,
"E15Z",,"BDP","E","Int",,,,,,"E15X+E15Y",,,,
"E16X",,"BDP","E","Int",,,,,,"E14X+E15X",,,,
"E16Y",,"BDP","E","Int",,,,,,"E14Y+E15Y",,,,
"E16Z",,"BDP","E","Int",,,,,,"E16X+E16Y",,,,
"E17X",,"BDP","E","Int",,,,,,,,,,
"E17Y",,"BDP","E","Int",,,,,,,,,,
"E17Z",,"BDP","E","Int",,,,,,"E17X+E17Y",,,,
"E18X",,"BDP","E","Int",,,,,,,,,,
"E18Y",,"BDP","E","Int",,,,,,,,,,
"E18Z",,"BDP","E","Int",,,,,,"E18X+E18Y",,,,
"E19X",,"BDP","E","Int",,,,,,"E17X+E18X",,,,
"E19Y",,"BDP","E","Int",,,,,,"E17Y+E18Y",,,,
"E19Z",,"BDP","E","Int",,,,,,"E19X+E19Y",,,,
"E20X",,"BDP","E","Int",,,,,,,,,,
"E20Y",,"BDP","E","Int",,,,,,,,,,
"E20Z",,"BDP","E","Int",,,,,,"E20X+E20Y",,,,
"E21X",,"BDP","E","Int",,,,,,,,,,
"E21Y",,"BDP","E","Int",,,,,,,,,,
"E21Z",,"BDP","E","Int",,,,,,"E21X+E21Y",,,,
"E22X",,"BDP","E","Int",,,,,,"E20X+E21X",,,,
"E22Y",,"BDP","E","Int",,,,,,"E20Y+E21Y",,,,
"E22Z",,"BDP","E","Int",,,,,,"E22X+E22Y",,,,
"E23X",,"BDP","E","Int",,,,,,,,,,
"E23Y",,"BDP","E","Int",,,,,,,,,,
"E23Z",,"BDP","E","Int",,,,,,"E23X+E23Y",,,,
"E24X",,"BDP","E","Int",,,,,,,,,,
"E24Y",,"BDP","E","Int",,,,,,,,,,
"E24Z",,"BDP","E","Int",,,,,,"E24X+E24Y",,,,
"E31X",,"BDP","E","Int",,,,,,,,,,
"E31Y",,"BDP","E","Int",,,,,,,,,,
"E31Z",,"BDP","E","Int",,,,,,"E31X+E31Y",,,,
"E32X",,"BDP","E","Int",,,,,,,,,,
"E32Y",,"BDP","E","Int",,,,,,,,,,
"E32Z",,"BDP","E","Int",,,,,,"E32X+E32Y",,,,
"E33X",,"BDP","E","Int",,,,,,"E31X+E32X",,,,
"E33Y",,"BDP","E","Int",,,,,,"E31Y+E32Y",,,,
"E33Z",,"BDP","E","Int",,,,,,"E33X+E33Y",,,,
"E34X",,"BDP","E","Int",,,,,,,,,,
"E34Y",,"BDP","E","Int",,,,,,,,,,
"E34Z",,"BDP","E","Int",,,,,,"E34X+E34Y",,,,
"E35X",,"BDP","E","Int",,,,,,,,,,
"E35Y",,"BDP","E","Int",,,,,,,,,,
"E35Z",,"BDP","E","Int",,,,,,"E35X+E35Y",,,,
"E36X",,"BDP","E","Int",,,,,,"E34X+E35X",,,,
"E36Y",,"BDP","E","Int",,,,,,"E34Y+E35Y",,,,
"E36Z",,"BDP","E","Int",,,,,,"E34Z+E35Z",,,,
"E37X",,"BDP","E","Int",,,,,,,,,,
"E37Y",,"BDP","E","Int",,,,,,,,,,
"E37Z",,"BDP","E","Int",,,,,,"E37X+E37Y",,,,
"E38X",,"BDP","E","Int",,,,,,,,,,
"E38Y",,"BDP","E","Int",,,,,,,,,,
"E38Z",,"BDP","E","Int",,,,,,"E38X+E38Y",,,,
"E39X",,"BDP","E","Int",,,,,,"E37X+E38X",,,,
"E39Y",,"BDP","E","Int",,,,,,"E37Y+E38Y",,,,
"E39Z",,"BDP","E","Int",,,,,,"E39X+E39Y",,,,
"E40X",,"BDP","E","Int",,,,,,,,,,
"E40Y",,"BDP","E","Int",,,,,,,,,,
"E40Z",,"BDP","E","Int",,,,,,"E40X+E40Y",,,,
"E41X",,"BDP","E","Int",,,,,,,,,,
"E41Y",,"BDP","E","Int",,,,,,,,,,
"E41Z",,"BDP","E","Int",,,,,,"E41X+E41Y",,,,
"E42X",,"BDP","E","Int",,,,,,"E40X+E41X",,,,
"E42Y",,"BDP","E","Int",,,,,,"E40Y+E41Y",,,,
"E42Z",,"BDP","E","Int",,,,,,"E42X+E42Y",,,,
"E43X",,"BDP","E","Int",,,,,,,,,,
"E43Y",,"BDP","E","Int",,,,,,,,,,
"E43Z",,"BDP","E","Int",,,,,,"E43X+E43Y",,,,
"E44X",,"BDP","E","Int",,,,,,,,,,
"E44Y",,"BDP","E","Int",,,,,,,,,,
"E44Z",,"BDP","E","Int",,,,,,"E44X+E44Y",,,,
"E51X",,"BDP","E","Int",,,,,,,,,,
"E51Y",,"BDP","E","Int",,,,,,,,,,
"E51Z",,"BDP","E","Int",,,,,,"E51X+E51Y",,,,
"E52X",,"BDP","E","Int",,,,,,,,,,
"E52Y",,"BDP","E","Int",,,,,,,,,,
"E52Z",,"BDP","E","Int",,,,,,"E52X+E52Y",,,,
"E53X",,"BDP","E","Int",,,,,,"E51X+E52X",,,,
"E53Y",,"BDP","E","Int",,,,,,"E51Y+E52Y",,,,
"E53Z",,"BDP","E","Int",,,,,,"E51Z+E52Z",,,,
"E54X",,"BDP","E","Int",,,,,,,,,,
"E54Y",,"BDP","E","Int",,,,,,,,,,
"E54Z",,"BDP","E","Int",,,,,,"E54X+E54Y",,,,
"E55X",,"BDP","E","Int",,,,,,,,,,
"E55Y",,"BDP","E","Int",,,,,,,,,,
"E55Z",,"BDP","E","Int",,,,,,"E55X+E55Y",,,,
"E56X",,"BDP","E","Int",,,,,,"E54X+E55X",,,,
"E56Y",,"BDP","E","Int",,,,,,"E54Y+E55Y",,,,
"E56Z",,"BDP","E","Int",,,,,,"E54Z+E55Z",,,,
"E57X",,"BDP","E","Int",,,,,,,,,,
"E57Y",,"BDP","E","Int",,,,,,,,,,
"E57Z",,"BDP","E","Int",,,,,,"E57X+E57Y",,,,
"E58X",,"BDP","E","Int",,,,,,,,,,
"E58Y",,"BDP","E","Int",,,,,,,,,,
"E58Z",,"BDP","E","Int",,,,,,"E58X+E58Y",,,,
"E59X",,"BDP","E","Int",,,,,,"E57X+E58X",,,,
"E59Y",,"BDP","E","Int",,,,,,"E57Y+E58Y",,,,
"E59Z",,"BDP","E","Int",,,,,,"E59X+E59Y",,,,
"E60X",,"BDP","E","Int",,,,,,,,,,
"E60Y",,"BDP","E","Int",,,,,,,,,,
"E60Z",,"BDP","E","Int",,,,,,"E60X+E60Y",,,,
"E61X",,"BDP","E","Int",,,,,,,,,,
"E61Y",,"BDP","E","Int",,,,,,,,,,
"E61Z",,"BDP","E","Int",,,,,,"E61X+E61Y",,,,
"E62X",,"BDP","E","Int",,,,,,"E60X+E61X",,,,
"E62Y",,"BDP","E","Int",,,,,,"E60Y+E61Y",,,,
"E62Z",,"BDP","E","Int",,,,,,"E62X+E62Y",,,,
"E63X",,"BDP","E","Int",,,,,,,,,,
"E63Y",,"BDP","E","Int",,,,,,,,,,
"E63Z",,"BDP","E","Int",,,,,,"E63X+E63Y",,,,
"E64X",,"BDP","E","Int",,,,,,,,,,
"E64Y",,"BDP","E","Int",,,,,,,,,,
"E64Z",,"BDP","E","Int",,,,,,"E64X+E64Y",,,,
"E71X",,"BDP","E","Int",,,,,,,,,,
"E71Y",,"BDP","E","Int",,,,,,,,,,
"E71Z",,"BDP","E","Int",,,,,,"E71X+E71Y",,,,
"E72X",,"BDP","E","Int",,,,,,,,,,
"E72Y",,"BDP","E","Int",,,,,,,,,,
"E72Z",,"BDP","E","Int",,,,,,"E72X+E72Y",,,,
"E73X",,"BDP","E","Int",,,,,,,,,,
"E73Y",,"BDP","E","Int",,,,,,,,,,
"E73Z",,"BDP","E","Int",,,,,,"E73X+E73Y",,,,
"E81X",,"BDP","E","Int",,,,,,,,,,
"E81Y",,"BDP","E","Int",,,,,,,,,,
"E81Z",,"BDP","E","Int",,,,,,"E81X+E81Y",,,,
"E82X",,"BDP","E","Int",,,,,,,,,,
"E82Y",,"BDP","E","Int",,,,,,,,,,
"E82Z",,"BDP","E","Int",,,,,,"E82X+E82Y",,,,
"E83X",,"BDP","E","Int",,,,,,,,,,
"E83Y",,"BDP","E","Int",,,,,,,,,,
"E83Z",,"BDP","E","Int",,,,,,"E83X+E83Y",,,,
"E84X",,"BDP","E","Int",,,,,,,,,,
"E84Y",,"BDP","E","Int",,,,,,,,,,
"E84Z",,"BDP","E","Int",,,,,,"E84X+E84Y",,,,
"E85X",,"BDP","E","Int",,,,,,"E83X+E84X",,,,
"E85Y",,"BDP","E","Int",,,,,,"E83Y+E84Y",,,,
"E85Z",,"BDP","E","Int",,,,,,"E85X+E85Y",,,,
"E86X",,"BDP","E","Int",,,,,,,,,,
"E86Y",,"BDP","E","Int",,,,,,,,,,
"E86Z",,"BDP","E","Int",,,,,,"E86X+E86Y",,,,
"E87X",,"BDP","E","Int",,,,,,,,,,
"E87Y",,"BDP","E","Int",,,,,,,,,,
"E87Z",,"BDP","E","Int",,,,,,"E87X+E87Y",,,,
"E88X",,"BDP","E","Int",,,,,,"E86X+E87X",,,,
"E88Y",,"BDP","E","Int",,,,,,"E86Y+E87Y",,,,
"E88Z",,"BDP","E","Int",,,,,,"E86Z+E87Z",,,,
"E89X",,"BDP","E","Int",,,,,,,,,,
"E89Y",,"BDP","E","Int",,,,,,,,,,
"E89Z",,"BDP","E","Int",,,,,,"E89X+E89Y",,,,
"E90X",,"BDP","E","Int",,,,,,,,,,
"E90Y",,"BDP","E","Int",,,,,,,,,,
"E90Z",,"BDP","E","Int",,,,,,"E90X+E90Y",,,,
"E91X",,"BDP","E","Int",,,,,,"E89X+E90X",,,,
"E91Y",,"BDP","E","Int",,,,,,"E89Y+E90Y",,,,
"E91Z",,"BDP","E","Int",,,,,,"E89Z+E90Z",,,,
"E92X",,"BDP","E","Int",,,,,,,,,,
"E92Y",,"BDP","E","Int",,,,,,,,,,
"E92Z",,"BDP","E","Int",,,,,,"E92X+E92Y",,,,
"E93X",,"BDP","E","Int",,,,,,,,,,
"E93Y",,"BDP","E","Int",,,,,,,,,,
"E93Z",,"BDP","E","Int",,,,,,"E93X+E93Y",,,,
"E94X",,"BDP","E","Int",,,,,,"E92X+E93X",,,,
"E94Y",,"BDP","E","Int",,,,,,"E92Y+E93Y",,,,
"E94Z",,"BDP","E","Int",,,,,,"E92Z+E93Z",,,,
"E95X",,"BDP","E","Int",,,,,,,,,,
"E95Y",,"BDP","E","Int",,,,,,,,,,
"E95Z",,"BDP","E","Int",,,,,,"E95X+E95Y",,,,
"E96X",,"BDP","E","Int",,,,,,,,,,
"E96Y",,"BDP","E","Int",,,,,,,,,,
"E96Z",,"BDP","E","Int",,,,,,"E96X+E96Y",,,,
"E97X",,"BDP","E","Int",,,,,,,,,,
"E97Y",,"BDP","E","Int",,,,,,,,,,
"E97Z",,"BDP","E","Int",,,,,,"E97X+E97Y",,,,
"E98X",,"BDP","E","Int",,,,,,"E85X+E88X+E91X+E94X+E95X+E96X+E97X",,,,
"E98Y",,"BDP","E","Int",,,,,,"E85Y+E88Y+E91Y+E94Y+E95Y+E96Y+E97Y",,,,
"E98Z",,"BDP","E","Int",,,,,,"E98X+E98Y",,,,
"E99X",,"BDP","E","Int",,,,,,,,,,
"E99Y",,"BDP","E","Int",,,,,,,,,,
"E99Z",,"BDP","E","Int",,,,,,"E99X+E99Y",,,,
"F11W",,"BDP","F","Int",,,,,,,,,,
"F11X",,"BDP","F","Int",,,,,,,,,,
"F11Y",,"BDP","F","Int",,,,,,,,,,
"F12W",,"BDP","F","Int",,,,,,,,,,
"F12X",,"BDP","F","Int",,,,,,,,,,
"F12Y",,"BDP","F","Int",,,,,,,,,,
"F13W",,"BDP","F","Int",,,,,,,,,,
"F13X",,"BDP","F","Int",,,,,,,,,,
"F13Y",,"BDP","F","Int",,,,,,,,,,
"F14W",,"BDP","F","Int",,,,,,,,,,
"F14X",,"BDP","F","Int",,,,,,,,,,
"F14Y",,"BDP","F","Int",,,,,,,,,,
"F15W",,"BDP","F","Int",,,,,,,,,,
"F15X",,"BDP","F","Int",,,,,,,,,,
"F15Y",,"BDP","F","Int",,,,,,,,,,
"F16W",,"BDP","F","Int",,,,,,"F11W+F12W+F13W+F14W+F15W",,,,
"F16X",,"BDP","F","Int",,,,,,"F11X+F12X+F13X+F14X+F15X",,,,
"F16Y",,"BDP","F","Int",,,,,,"F11Y+F12Y+F13Y+F14Y+F15Y",,,,
"F17W",,"BDP","F","Int",,,,,,,,,,
"F17X",,"BDP","F","Int",,,,,,,,,,
"F17Y",,"BDP","F","Int",,,,,,,,,,
"F18W",,"BDP","F","Int",,,,,,"F16W+F17W",,,,
"F18X",,"BDP","F","Int",,,,,,"F16X+F17X",,,,
"F18Y",,"BDP","F","Int",,,,,,"F16Y+F17Y",,,,
"F19X",,"BDP","F","Int",,,,,,,,,,
"F19Y",,"BDP","F","Int",,,,,,,,,,
"F20X",,"BDP","F","Int",,,,,,,,,,
"F20Y",,"BDP","F","Int",,,,,,,,,,
"F21X",,"BDP","F","Int",,,,,,,,,,
"F21Y",,"BDP","F","Int",,,,,,,,,,
"F31Y",,"BDP","F","Int",,,,,,,,,,
"F31Z",,"BDP","F","Int",,,,,,,,,,
"F32Y",,"BDP","F","Int",,,,,,,,,,
"F32Z",,"BDP","F","Int",,,,,,,,,,
"F33Y",,"BDP","F","Int",,,,,,"F31Y+F32Y",,,,
"F33Z",,"BDP","F","Int",,,,,,"F31Z+F32Z",,,,
"F34Y",,"BDP","F","Int",,,,,,,,,,
"F34Z",,"BDP","F","Int",,,,,,,,,,
"F35Y",,"BDP","F","Int",,,,,,,,,,
"F35Z",,"BDP","F","Int",,,,,,,,,,
"F36Y",,"BDP","F","Int",,,,,,,,,,
"F36Z",,"BDP","F","Int",,,,,,,,,,
"F37Y",,"BDP","F","Int",,,,,,,,,,
"F37Z",,"BDP","F","Int",,,,,,,,,,
"F38Y",,"BDP","F","Int",,,,,,"F33Y+F34Y+F35Y+F36Y+F37Y",,,,
"F38Z",,"BDP","F","Int",,,,,,"F33Z+F34Z+F35Z+F36Z+F37Z",,,,
"F41W",,"BDP","F","Int",,,,,,,,,,
"F41X",,"BDP","F","Int",,,,,,,,,,
"F41Y",,"BDP","F","Int",,,,,,,,,,
"F42W",,"BDP","F","Int",,,,,,,,,,
"F42X",,"BDP","F","Int",,,,,,,,,,
"F42Y",,"BDP","F","Int",,,,,,,,,,
"F43W",,"BDP","F","Int",,,,,,,,,,
"F43X",,"BDP","F","Int",,,,,,,,,,
"F43Y",,"BDP","F","Int",,,,,,,,,,
"F44W",,"BDP","F","Int",,,,,,,,,,
"F44X",,"BDP","F","Int",,,,,,,,,,
"F44Y",,"BDP","F","Int",,,,,,,,,,
"F45W",,"BDP","F","Int",,,,,,,,,,
"F45X",,"BDP","F","Int",,,,,,,,,,
"F45Y",,"BDP","F","Int",,,,,,,,,,
"F46W",,"BDP","F","Int",,,,,,"F41W+F42W+F43W+F44W+F45W",,,,
"F46X",,"BDP","F","Int",,,,,,"F41X+F42X+F43X+F44X+F45X",,,,
"F46Y",,"BDP","F","Int",,,,,,"F41Y+F42Y+F43Y+F44Y+F45Y",,,,
"F51W",,"BDP","F","Int",,,,,,,,,,
"F51X",,"BDP","F","Int",,,,,,,,,,
"F51Y",,"BDP","F","Int",,,,,,,,,,
"F51Z",,"BDP","F","Int",,,,,,"F51W+F51X+F51Y",,,,
"F52W",,"BDP","F","Int",,,,,,,,,,
"F52X",,"BDP","F","Int",,,,,,,,,,
"F52Y",,"BDP","F","Int",,,,,,,,,,
"F52Z",,"BDP","F","Int",,,,,,"F52W+F52X+F52Y",,,,
"F53W",,"BDP","F","Int",,,,,,,,,,
"F53X",,"BDP","F","Int",,,,,,,,,,
"F53Y",,"BDP","F","Int",,,,,,,,,,
"F53Z",,"BDP","F","Int",,,,,,"F53W+F53X+F53Y",,,,
"F54W",,"BDP","F","Int",,,,,,,,,,
"F54X",,"BDP","F","Int",,,,,,,,,,
"F54Y",,"BDP","F","Int",,,,,,,,,,
"F54Z",,"BDP","F","Int",,,,,,"F54W+F54X+F54Y",,,,
"F55W",,"BDP","F","Int",,,,,,"F52W+F53W+F54W",,,,
"F55X",,"BDP","F","Int",,,,,,"F52X+F53X+F54X",,,,
"F55Y",,"BDP","F","Int",,,,,,"F52Y+F53Y+F54Y",,,,
"F55Z",,"BDP","F","Int",,,,,,"F55W+F55X+F55Y",,,,
"F56W",,"BDP","F","Int",,,,,,"F51W+F55W",,,,
"F56X",,"BDP","F","Int",,,,,,"F51X+F55X",,,,
"F56Y",,"BDP","F","Int",,,,,,"F51Y+F55Y",,,,
"F56Z",,"BDP","F","Int",,,,,,"F56W+F56X+F56Y",,,,
"F61W",,"BDP","F","Int",,,,,,,,,,
"F61X",,"BDP","F","Int",,,,,,,,,,
"F61Y",,"BDP","F","Int",,,,,,,,,,
"F61Z",,"BDP","F","Int",,,,,,"F61W+F61X+F61Y",,,,
"F62W",,"BDP","F","Int",,,,,,,,,,
"F62X",,"BDP","F","Int",,,,,,,,,,
"F62Y",,"BDP","F","Int",,,,,,,,,,
"F62Z",,"BDP","F","Int",,,,,,"F62W+F62X+F62Y",,,,
"F63W",,"BDP","F","Int",,,,,,"F61W+F62W",,,,
"F63X",,"BDP","F","Int",,,,,,"F61X+F62X",,,,
"F63Y",,"BDP","F","Int",,,,,,"F61Y+F62Y",,,,
"F63Z",,"BDP","F","Int",,,,,,"F61Z+F62Z",,,,
"F64W",,"BDP","F","Int",,,,,,,,,,
"F64X",,"BDP","F","Int",,,,,,,,,,
"F64Y",,"BDP","F","Int",,,,,,,,,,
"F64Z",,"BDP","F","Int",,,,,,"F64W+F64X+F64Y",,,,
"F65W",,"BDP","F","Int",,,,,,,,,,
"F65X",,"BDP","F","Int",,,,,,,,,,
"F65Y",,"BDP","F","Int",,,,,,,,,,
"F65Z",,"BDP","F","Int",,,,,,"F65W+F65X+F65Y",,,,
"F66W",,"BDP","F","Int",,,,,,,,,,
"F66X",,"BDP","F","Int",,,,,,,,,,
"F66Y",,"BDP","F","Int",,,,,,,,,,
"F66Z",,"BDP","F","Int",,,,,,"F66W+F66X+F66Y",,,,
"F67W",,"BDP","F","Int",,,,,,,,,,
"F67X",,"BDP","F","Int",,,,,,,,,,
"F67Y",,"BDP","F","Int",,,,,,,,,,
"F67Z",,"BDP","F","Int",,,,,,"F67W+F67X+F67Y",,,,
"F68W",,"BDP","F","Int",,,,,,,,,,
"F68X",,"BDP","F","Int",,,,,,,,,,
"F68Y",,"BDP","F","Int",,,,,,,,,,
"F68Z",,"BDP","F","Int",,,,,,"F68W+F68X+F68Y",,,,
"F69W",,"BDP","F","Int",,,,,,"F63W+F64W+F65W+F66W+F67W+F68W",,,,
"F69X",,"BDP","F","Int",,,,,,"F63X+F64X+F65X+F66X+F67X+F68X",,,,
"F69Y",,"BDP","F","Int",,,,,,"F63Y+F64Y+F65Y+F66Y+F67Y+F68Y",,,,
"F69Z",,"BDP","F","Int",,,,,,"F69W+F69X+F69Y",,,,
"G11V",,"BDP","G","Int",,,,,,,,,,
"G11W",,"BDP","G","Int",,,,,,,,,,
"G11X",,"BDP","G","Int",,,,,,,,,,
"G11Y",,"BDP","G","Int",,,,,,,,,,
"G11Z",,"BDP","G","Int",,,,,,,,,,
"G12V",,"BDP","G","Int",,,,,,,,,,
"G12W",,"BDP","G","Int",,,,,,,,,,
"G12X",,"BDP","G","Int",,,,,,,,,,
"G12Y",,"BDP","G","Int",,,,,,,,,,
"G12Z",,"BDP","G","Int",,,,,,,,,,
"G13V",,"BDP","G","Int",,,,,,,,,,
"G13W",,"BDP","G","Int",,,,,,,,,,
"G13X",,"BDP","G","Int",,,,,,,,,,
"G13Y",,"BDP","G","Int",,,,,,,,,,
"G13Z",,"BDP","G","Int",,,,,,,,,,
"G14V",,"BDP","G","Int",,,,,,,,,,
"G14W",,"BDP","G","Int",,,,,,,,,,
"G14X",,"BDP","G","Int",,,,,,,,,,
"G14Y",,"BDP","G","Int",,,,,,,,,,
"G14Z",,"BDP","G","Int",,,,,,,,,,
"G15V",,"BDP","G","Int",,,,,,,,,,
"G15W",,"BDP","G","Int",,,,,,,,,,
"G15X",,"BDP","G","Int",,,,,,,,,,
"G15Y",,"BDP","G","Int",,,,,,,,,,
"G15Z",,"BDP","G","Int",,,,,,,,,,
"G16V",,"BDP","G","Int",,,,,,,,,,
"G16W",,"BDP","G","Int",,,,,,,,,,
"G16X",,"BDP","G","Int",,,,,,,,,,
"G16Y",,"BDP","G","Int",,,,,,,,,,
"G16Z",,"BDP","G","Int",,,,,,,,,,
"G17V",,"BDP","G","Int",,,,,,,,,,
"G17W",,"BDP","G","Int",,,,,,,,,,
"G17X",,"BDP","G","Int",,,,,,,,,,
"G17Y",,"BDP","G","Int",,,,,,,,,,
"G17Z",,"BDP","G","Int",,,,,,,,,,
"G18V",,"BDP","G","Int",,,,,,,,,,
"G18W",,"BDP","G","Int",,,,,,,,,,
"G18X",,"BDP","G","Int",,,,,,,,,,
"G18Y",,"BDP","G","Int",,,,,,,,,,
"G18Z",,"BDP","G","Int",,,,,,,,,,
"G19V",,"BDP","G","Int",,,,,,,,,,
"G19W",,"BDP","G","Int",,,,,,,,,,
"G19X",,"BDP","G","Int",,,,,,,,,,
"G19Y",,"BDP","G","Int",,,,,,,,,,
"G19Z",,"BDP","G","Int",,,,,,,,,,
"G20V",,"BDP","G","Int",,,,,,,,,,
"G20W",,"BDP","G","Int",,,,,,,,,,
"G20X",,"BDP","G","Int",,,,,,,,,,
"G20Y",,"BDP","G","Int",,,,,,,,,,
"G20Z",,"BDP","G","Int",,,,,,,,,,
"G21V",,"BDP","G","Int",,,,,,,,,,
"G21W",,"BDP","G","Int",,,,,,,,,,
"G21X",,"BDP","G","Int",,,,,,,,,,
"G21Y",,"BDP","G","Int",,,,,,,,,,
"G21Z",,"BDP","G","Int",,,,,,,,,,
"G22V",,"BDP","G","Int",,,,,,"G11V+G12V+G13V+G14V+G15V+G16V+G17V+G18V+G19V+G20V+G21V",,,,
"G22W",,"BDP","G","Int",,,,,,"G11W+G12W+G13W+G14W+G15W+G16W+G17W+G18W+G19W+G20W+G21W",,,,
"G22X",,"BDP","G","Int",,,,,,"G11X+G12X+G13X+G14X+G15X+G16X+G17X+G18X+G19X+G20X+G21X",,,,
"G22Y",,"BDP","G","Int",,,,,,"G11Y+G12Y+G13Y+G14Y+G15Y+G16Y+G17Y+G18Y+G19Y+G20Y+G21Y",,,,
"G22Z",,"BDP","G","Int",,,,,,"G11Z+G12Z+G13Z+G14Z+G15Z+G16Z+G17Z+G18Z+G19Z+G20Z+G21Z",,,,
"G31X",,"BDP","G","Int",,,,,,,,,,
"G31Y",,"BDP","G","Int",,,,,,,,,,
"G31Z",,"BDP","G","Int",,,,,,,,,,
"G32X",,"BDP","G","Int",,,,,,,,,,
"G32Y",,"BDP","G","Int",,,,,,,,,,
"G32Z",,"BDP","G","Int",,,,,,,,,,
"G33X",,"BDP","G","Int",,,,,,,,,,
"G33Y",,"BDP","G","Int",,,,,,,,,,
"G33Z",,"BDP","G","Int",,,,,,,,,,
"G34X",,"BDP","G","Int",,,,,,,,,,
"G34Y",,"BDP","G","Int",,,,,,,,,,
"G34Z",,"BDP","G","Int",,,,,,,,,,
"G35X",,"BDP","G","Int",,,,,,,,,,
"G35Y",,"BDP","G","Int",,,,,,,,,,
"G35Z",,"BDP","G","Int",,,,,,,,,,
"G36X",,"BDP","G","Int",,,,,,,,,,
"G36Y",,"BDP","G","Int",,,,,,,,,,
"G36Z",,"BDP","G","Int",,,,,,,,,,
"G37X",,"BDP","G","Int",,,,,,,,,,
"G37Y",,"BDP","G","Int",,,,,,,,,,
"G37Z",,"BDP","G","Int",,,,,,,,,,
"G38X",,"BDP","G","Int",,,,,,,,,,
"G38Y",,"BDP","G","Int",,,,,,,,,,
"G38Z",,"BDP","G","Int",,,,,,,,,,
"G39X",,"BDP","G","Int",,,,,,,,,,
"G39Y",,"BDP","G","Int",,,,,,,,,,
"G39Z",,"BDP","G","Int",,,,,,,,,,
"G40X",,"BDP","G","Int",,,,,,,,,,
"G40Y",,"BDP","G","Int",,,,,,,,,,
"G40Z",,"BDP","G","Int",,,,,,,,,,
"G41X",,"BDP","G","Int",,,,,,,,,,
"G41Y",,"BDP","G","Int",,,,,,,,,,
"G41Z",,"BDP","G","Int",,,,,,,,,,
"G42X",,"BDP","G","Int",,,,,,"G31X+G32X+G33X+G34X+G35X+G36X+G37X+G38X+G39X+G40X+G41X",,,,
"G42Y",,"BDP","G","Int",,,,,,"G31Y+G32Y+G33Y+G34Y+G35Y+G36Y+G37Y+G38Y+G39Y+G40Y+G41Y",,,,
"G42Z",,"BDP","G","Int",,,,,,"G31Z+G32Z+G33Z+G34Z+G35Z+G36Z+G37Z+G38Z+G39Z+G40Z+G41Z",,,,
"H11",,"BDP","H","Boolean",,,,,,,,,,
"H12",,"BDP","H","Boolean",,,,,,,"H11",,,
"H13",,"BDP","H","Boolean",,,,,,,"H11",,,
"H14",,"BDP","H","Boolean",,,,,,,"H11",,,
"H15",,"BDP","H","Boolean",,,,,,,"H11",,,
"H16",,"BDP","H","Boolean",,,,,,,"H11",,,
"H17",,"BDP","H","Int",,,,,,,"H11",,,
"H18",,"BDP","H","Int",,,,,,,"H11",,,
"H19",,"BDP","H","Str",,,,,,,"H11",,,
"H21",,"BDP","H","Boolean",,,,,,,,,,
"H22",,"BDP","H","Str",,,,,,,"H21",,,
"H23",,"BDP","H","Boolean",,,,,,,,,,
"H24",,"BDP","H","Str",,,,,,,,,,
"H25",,"BDP","H","Boolean",,,,,,,,,,
"H26",,"BDP","H","Str",,,,,,,,,,
"H27",,"BDP","H","Boolean",,,,,,,,,,
"H28",,"BDP","H","Boolean",,,,,,,"H27",,,
"H29",,"BDP","H","Boolean",,,,,,,"H27",,,
"H30",,"BDP","H","Str",,,,,,,,,,
"H31V",,"BDP","H","Boolean",,,,,,,,,,
"H31W",,"BDP","H","Int",,,,,,,"H31V",,,
"H31X",,"BDP","H","Int",,,,,,,"H31V",,,
"H31Y",,"BDP","H","Int",,,,,,,"H31V",,,
"H31Z",,"BDP","H","Int",,,,,,,"H31V",,,
"H32V",,"BDP","H","Boolean",,,,,,,,,,
"H32W",,"BDP","H","Int",,,,,,,,,,
"H32X",,"BDP","H","Int",,,,,,,,,,
"H32Y",,"BDP","H","Int",,,,,,,,,,
"H32Z",,"BDP","H","Int",,,,,,,,,,
"H33V",,"BDP","H","Boolean",,,,,,,,,,
"H33W",,"BDP","H","Int",,,,,,,"H33V",,,
"H33X",,"BDP","H","Int",,,,,,,,,,
"H33Y",,"BDP","H","Int",,,,,,,,,,
"H33Z",,"BDP","H","Int",,,,,,,,,,
"H34V",,"BDP","H","Boolean",,,,,,,,,,
"H34W",,"BDP","H","Int",,,,,,,,,,
"H34X",,"BDP","H","Int",,,,,,,,,,
"H34Y",,"BDP","H","Int",,,,,,,,,,
"H34Z",,"BDP","H","Int",,,,,,,,,,
"H35V",,"BDP","H","Boolean",,,,,,,,,,
"H35W",,"BDP","H","Int",,,,,,,"H35V",,,
"H35X",,"BDP","H","Int",,,,,,,,,,
"H35Y",,"BDP","H","Int",,,,,,,"H35V",,,
"H35Z",,"BDP","H","Int",,,,,,,"H35V",,,
"H36V",,"BDP","H","Boolean",,,,,,,,,,
"H36W",,"BDP","H","Int",,,,,,,"H36V",,,
"H36X",,"BDP","H","Int",,,,,,,"H36V",,,
"H36Y",,"BDP","H","Int",,,,,,,"H36V",,,
"H36Z",,"BDP","H","Int",,,,,,,"H36V",,,
"H37V",,"BDP","H","Boolean",,,,,,,,,,
"H37W",,"BDP","H","Int",,,,,,,"H37V",,,
"H37X",,"BDP","H","Int",,,,,,,,,,
"H37Y",,"BDP","H","Int",,,,,,,,,,
"H37Z",,"BDP","H","Int",,,,,,,,,,
"H38V",,"BDP","H","Boolean",,,,,,,,,,
"H38W",,"BDP","H","Int",,,,,,,,,,
"H38X",,"BDP","H","Int",,,,,,,,,,
"H38Y",,"BDP","H","Int",,,,,,,,,,
"H38Z",,"BDP","H","Int",,,,,,,,,,
"H39V",,"BDP","H","Boolean",,,,,,,,,,
"H39W",,"BDP","H","Int",,,,,,,"H39V",,,
"H39X",,"BDP","H","Int",,,,,,,,,,
"H39Y",,"BDP","H","Int",,,,,,,,,,
"H39Z",,"BDP","H","Int",,,,,,,,,,
"H41X",,"BDP","H","Boolean",,,,,,,,,,
"H41Y",,"BDP","H","Int",,,,,,,,,,
"H41Z",,"BDP","H","Int",,,,,,,"H41X",,,
"H42X",,"BDP","H","Boolean",,,,,,,,,,
"H42Y",,"BDP","H","Int",,,,,,,"H42X",,,
"H42Z",,"BDP","H","Int",,,,,,,"H42X",,,
"H43X",,"BDP","H","Boolean",,,,,,,,,,
"H43Y",,"BDP","H","Int",,,,,,,,,,
"H43Z",,"BDP","H","Int",,,,,,,,,,
"H44X",,"BDP","H","Boolean",,,,,,,,,,
"H44Y",,"BDP","H","Int",,,,,,,"H44X",,,
"H44Z",,"BDP","H","Int",,,,,,,,,,
"H45X",,"BDP","H","Boolean",,,,,,,,,,
"H45Y",,"BDP","H","Int",,,,,,,,,,
"H45Z",,"BDP","H","Int",,,,,,,"H45X",,,
"H46X",,"BDP","H","Boolean",,,,,,,,,,
"H46Y",,"BDP","H","Int",,,,,,,"H46X",,,
"H46Z",,"BDP","H","Int",,,,,,,,,,
"H47X",,"BDP","H","Boolean",,,,,,,,,,
"H47Y",,"BDP","H","Int",,,,,,,"H47X",,,
"H47Z",,"BDP","H","Int",,,,,,,"H47X",,,
"H48X",,"BDP","H","Boolean",,,,,,,,,,
"H48Y",,"BDP","H","Int",,,,,,,"H48X",,,
"H48Z",,"BDP","H","Int",,,,,,,,,,
"H49X",,"BDP","H","Boolean",,,,,,,,,,
"H49Y",,"BDP","H","Int",,,,,,,,,,
"H49Z",,"BDP","H","Int",,,,,,,"H49X",,,
"H51",,"BDP","H","Boolean",,,,,,,,,,
"H52",,"BDP","H","Int",,,,,,,"H51",,,
"H53",,"BDP","H","Int",,,,,,,"H51",,,
"H54",,"BDP","H","Boolean",,,,,,,,,,
"H55",,"BDP","H","Boolean",,,,,,,,,,
"H56",,"BDP","H","Int",,,,,,,"H55",,,
"H57",,"BDP","H","Int",,,,,,,"H55",,,
"H58",,"BDP","H","Boolean",,,,,,,,,,
"H59",,"BDP","H","Boolean",,,,,,,,,,
"H60",,"BDP","H","Boolean",,,,,,,,,,
"H61",,"BDP","H","Boolean",,,,,,,,,,
"H62",,"BDP","H","Boolean",,,,,,,,,,
"H63",,"BDP","H","Boolean",,,,,,,,,,
"H64",,"BDP","H","Int",,,,,,,,,,
"H65Y",,"BDP","H","Int",,,,,,,,,,
"H65Z",,"BDP","H","Int",,,,,,,,,,
"H66Y",,"BDP","H","Int",,,,,,,,,,
"H66Z",,"BDP","H","Int",,,,,,,,,,
"H67Y",,"BDP","H","Int",,,,,,,,,,
"H67Z",,"BDP","H","Int",,,,,,,,,,
"H68Y",,"BDP","H","Int",,,,,,,,,,
"H68Z",,"BDP","H","Int",,,,,,,,,,
"H69Y",,"BDP","H","Int",,,,,,"H65Y+H66Y+H67Y+H68Y",,,,
"H69Z",,"BDP","H","Int",,,,,,"H65Z+H66Z+H67Z+H68Z",,,,
"H70",,"BDP","H","Boolean",,,,,,,,,,
"H71",,"BDP","H","Int",,,,,,,"H70",,,
"H72",,"BDP","H","Boolean",,,,,,,,,,
"H73",,"BDP","H","Int",,,,,,,"H72",,,
"H74",,"BDP","H","Str",,,,,,,,,,
"H75",,"BDP","H","Boolean",,,,,,,,,,
"H76",,"BDP","H","Str",,,,,,,,,,
"H77V",,"BDP","H","Boolean",,,,,,,,,,
"H77W",,"BDP","H","Int",,,,,,,"H77V",,,
"H77X",,"BDP","H","Int",,,,,,,,,,
"H77Y",,"BDP","H","Int",,,,,,,"H77V",,,
"H77Z",,"BDP","H","Int",,,,,,,,,,
"H78V",,"BDP","H","Boolean",,,,,,,,,,
"H78W",,"BDP","H","Int",,,,,,,,,,
"H78X",,"BDP","H","Int",,,,,,,,,,
"H78Y",,"BDP","H","Int",,,,,,,,,,
"H78Z",,"BDP","H","Int",,,,,,,,,,
"H79X",,"BDP","H","Boolean",,,,,,,,,,
"H79Y",,"BDP","H","Int",,,,,,,,,,
"H79Z",,"BDP","H","Int",,,,,,,,,,
"I11",,"BDP","I","Boolean",,,,,,,,,,
"I12",,"BDP","I","Int",,,,,,,"I11",,,
"I13",,"BDP","I","Int",,,,,,,"I11",,,
"I14",,"BDP","I","Int",,,,,,,"I11",,,
"I15",,"BDP","I","Int",,,,,,,"I11",,,
"I16",,"BDP","I","Int",,,,,,,"I11",,,
"I17",,"BDP","I","Int",,,,,,,"I11",,,
"I18",,"BDP","I","Int",,,,,,,"I11",,,
"I19",,"BDP","I","Int",,,,,,,"I11",,,
"I20",,"BDP","I","Int",,,,,,,,,,
"I21",,"BDP","I","Boolean",,,,,,,,,,
"I22",,"BDP","I","Int",,,,,,,"I21",,,
"I23",,"BDP","I","Int",,,,,,,"I21",,,
"I24",,"BDP","I","Int",,,,,,,"I21",,,
"I25",,"BDP","I","Int",,,,,,,"I21",,,
"I26",,"BDP","I","Int",,,,,,,"I21",,,
"I27",,"BDP","I","Int",,,,,,,"I21",,,
"I28",,"BDP","I","Int",,,,,,,"I21",,,
"I29",,"BDP","I","Int",,,,,,,"I11",,,
"I31",,"BDP","I","Int",,,,,,,,,,
"I32Z",,"BDP","I","Int",,,,,,,,,,
"I33Z",,"BDP","I","Int",,,,,,,,,,
"I34Z",,"BDP","I","Int",,,,,,"I32Z+I33Z",,,,
"L20","Commentaires","BDP","L","Text",100,,,,,,,,,
